trace_id,name,date
3451323,Gbaka___Yopougon_Lubafrique___Adjam__Texaco___B___KKO_2020_10_08_13_48_22.gpx,2020-10-08
3451324,Gbaka___Adjam__en_bas_du_pont___Yopougon_Iges___B___KKO_2020_10_08_15_16_18.gpx,2020-10-08
3451322,Gbaka___Adjam__Texaco___Yopougon_Lubafrique___A___KKO_2020_10_08_12_57_08.gpx,2020-10-08
3451321,Gbaka___Yopougon_Iges___Adjam__Mosqu_e_en_bas_du_pont___A___KKO_2020_10_08_11_59_49.gpx,2020-10-08
3418218,Gbaka__Terminus_Mobiboi_Mobiboi___B___BKD_2020_09_18_11_13_20.gpx,2020-09-18
3418229,Gbaka___Abrahams_Corridor___B___BKD_2020_09_18_14_53_23.gpx,2020-09-18
3418233,Gbaka___Usine_Corridor___B___BKD_2020_09_18_13_41_11.gpx,2020-09-18
3418226,Gbaka____l_phant_Corridor___B___BKD_2020_09_18_15_27_23.gpx,2020-09-18
3418216,Gbaka___Belleville_Casiers__B___BKD_2020_09_18_10_00_04.gpx,2020-09-18
3418234,Gbaka___Corridor___Usine___A___BKD_2020_09_18_13_34_14.gpx,2020-09-18
3418231,Gbaka__Corridor_Abrahams__A___BKD_2020_09_18_13_59_18.gpx,2020-09-18
3418217,Gbaka___Mobiboi_Terminus_Mobiboi___A___BKD_2020_09_18_10_25_50.gpx,2020-09-18
3418227,Gbaka___Corridor__l_phant__A___BKD_2020_09_18_15_11_03.gpx,2020-09-18
3418214,Gbaka___Casiers_Belleville__A__BKD_2020_09_18_09_32_04.gpx,2020-09-18
3418224,Woro_Woro___Carrefour_Deux_poteaux__Terre_Rouge___B___BKD_2020_09_18_13_04_32.gpx,2020-09-18
3418222,Woro_Woro___Benogosso_Terre_rouge___B___BKD_2020_09_18_12_30_08.gpx,2020-09-18
3418220,Woro_Woro___Terre_rouge_Benogosso___A___BKD_2020_09_18_12_10_05.gpx,2020-09-18
3418223,Woro_Woro___Terre_Rouge_Carrefour_deux_poteaux__A___BKD_2020_09_18_12_50_34.gpx,2020-09-18
3414529,Gbaka___Yopougon_Zone_Industrielle___Yopougon_Kowe_t___B___KKO_2020_09_15_10_34_39.gpx,2020-09-15
3414523,Gbaka___Attecoub__Garage___Yopougon_Locodjro_Marine___B___KKO_2020_09_15_12_23_23.gpx,2020-09-15
3414530,Gbaka___Yopougon_Gesco___Yopougon_Zone_industrielle___B___KKO_2020_09_15_10_18_37.gpx,2020-09-15
3414526,Gbaka___Yopougon_Locodjoro_Marine___Attecoub__Garage___A___KKO_2020_09_15_11_50_29.gpx,2020-09-15
3414532,Gbaka___Yopougon_Kowe_t___Yopougon_Zone_Industrielle___A___KKO_2020_09_15_08_36_51.gpx,2020-09-15
3414531,Gbaka___Yopougon_Zone_Industrielle___Yopougon_Gesco___A___KKO_2020_09_15_09_33_23.gpx,2020-09-15
3412019,Gbaka___Abobo_Agripaque___Yopougon_Carrefour_Zone___B___KKO_2020_09_14_12_14_33.gpx,2020-09-14
3412010,Gbaka___Abobo_N_Dotr____Yopougon_Carrefour_Zone___B___KKO_2020_09_14_14_43_27.gpx,2020-09-14
3412011,Gbaka___Abobo_Mairie___Abobo_N_Dotr____B___KKO_2020_09_14_14_07_02.gpx,2020-09-14
3412005,Gbaka___Yopougon_Beago_Wolosso___Yopougon_Palais___B___KKO_2020_09_14_18_07_24.gpx,2020-09-14
3412016,Gbaka___Yopougon_Carrefour_Zone___Abobo_Agripaque___A___KKO_2020_09_14_11_35_24.gpx,2020-09-14
3412015,Gbaka___Yopougon_Carrefour_Zone___Abobo_N_Dotr____A___KKO_2020_09_14_13_00_56.gpx,2020-09-14
3412013,Gbaka___Abobo_N_Dotr____Abobo_Mairie___A___KKO_2020_09_14_13_47_59.gpx,2020-09-14
3412007,Gbaka___Yopougon_Palais___Yopougon_Beago_Wolosso___A___KKO_2020_09_14_17_56_05.gpx,2020-09-14
3408330,Gbaka___Yopougon_Gesco___Yopougon_Siporex___B___KKO_2020_09_10_14_44_34.gpx,2020-09-10
3408335,Gbaka___Yopougon_Acad_mie___Yopougon_Siporex___B___KKO_2020_09_10_12_39_08.gpx,2020-09-10
3408341,Gbaka___Yopougon_Lokoua___Yopougon_Siporex___B___KKO_2020_09_10_10_49_40.gpx,2020-09-10
3408333,Gbaka___Yopougon_Iges___Yopougon_Siporex___B___KKO_2020_09_10_13_43_06.gpx,2020-09-10
3408337,Gbaka___Yopougon_Diop___Yopougon_Acad_mie___B___KKO_2020_09_10_12_19_56.gpx,2020-09-10
3408343,Gbaka___Yopougon_Siporex___Yopougon_Lokoua___A___KKO_2020_09_10_10_14_30.gpx,2020-09-10
3408340,Gbaka___Yopougon_Siporex___Yopougon_Acad_mie___A___KKO_2020_09_10_11_33_33.gpx,2020-09-10
3408334,Gbaka___Yopougon_Siporex___Yopougon_Iges___A___KKO_2020_09_10_13_16_56.gpx,2020-09-10
3408331,Gbaka___Yopougon_Siporex___Yopougon_Gesco___A___KKO_2020_09_10_14_09_06.gpx,2020-09-10
3408338,Gbaka___Yopougon_Academie___Yopougon_Diop___A___KKO_2020_09_10_12_07_44.gpx,2020-09-10
3408347,Gbaka___Yopougon_Songon_Agban___Yopougon_Siporex___B___KKO_2020_09_09_15_38_28.gpx,2020-09-09
3408344,Gbaka___Yopougon_Kowe_t___Yopougon_Sable___B___KKO_2020_09_09_17_29_13.gpx,2020-09-09
3408357,Gbaka___Yopougon_Siporex___Yopougon_Songon_Agban___A___KKO_2020_09_09_11_04_29.gpx,2020-09-09
3408345,Gbaka___Yopougon_Sable___Yopougon_Koweit___A___KKO_2020_09_09_17_08_19.gpx,2020-09-09
3408353,W_r__W_r____Yopougon_Toit_Rouge___Yopougon_Terminus_40___B___KKO_2020_09_07_11_22_41.gpx,2020-09-07
3408355,W_r__W_r____Yopougon_Camp_Militaire___Yopougon_Terminus_40___B___KKO_2020_09_07_12_48_42.gpx,2020-09-07
3403111,W_r__w_r___Gare_zoo_Op_ra__A_KM_2020_09_07_13_38_38.gpx,2020-09-07
3408352,W_r__W_r____Yopougon_Terminus_40___Yopougon_Toit_Rouge_Jean_Paul_2___A___KKO_2020_09_07_10_29_28.gpx,2020-09-07
3408354,W_r__W_r____Yopougon_Terminus_40___Yopougon_Camp_Militaire___A___KKO_2020_09_07_12_11_14.gpx,2020-09-07
3415052,Gbaka___Biabou___Abobo_Gare___B___LA_2020_09_07_18_25_02.gpx,2020-09-07
3403674,Gbaka___Biabou___Samake___B___LA_2020_09_07_19_55_03.gpx,2020-09-07
3415051,Gbaka___Abobo_march____Biabou___A___LA_2020_09_07_17_49_11.gpx,2020-09-07
3403673,Gbaka___Samake___Biabou___A___LA_2020_09_07_19_27_42.gpx,2020-09-07
3402547,Taxis___Abobo_baoul____Abobo_march____B___LA_2020_09_05_08_52_58.gpx,2020-09-05
3402545,Taxis___Abobo_Gare___Abobo_baoul____A___LA_2020_09_05_07_54_33.gpx,2020-09-05
3408351,W_r__W_r____Yopougon_Abobodoum____Yopougon_Terminus_40___B___KKO_2020_09_04_14_15_31.gpx,2020-09-04
3408349,W_r__W_r____Yopougon_Terminus_40___Yopougon_Abobodoum____A___KKO_2020_09_04_13_36_30.gpx,2020-09-04
3402542,Gbaka___Adjam__Libert____Abobo_Gare___B___LA_2020_09_04_15_15_56.gpx,2020-09-04
3402541,Gbaka___Lyc_e_Moderne_d_Abobo___Adjam__Libert____A___LA_2020_09_04_14_28_23.gpx,2020-09-04
3402544,Taxis___Houphou_t_Boigny___Abobo_Gendarmerie___B___LA_2020_09_04_16_40_34.gpx,2020-09-04
3402543,Taxis___Abobo_Gendarmerie___Houphou_t_Boigny___A___LA_2020_09_04_16_27_30.gpx,2020-09-04
3400196,W_r__W_r____Yopougon_Toit_Rouge_Jean_Paul_2___Yopougon_Palais___B___KKO_2020_09_03_11_23_02.gpx,2020-09-03
3400912,w_r__w_r___St_Michel__Gare_libert____B___KM_2020_09_03_12_27_57.gpx,2020-09-03
3400911,w_r__w_r___St_Michel__Gare_libert____B___KM_2020_09_03_12_27_57.gpx,2020-09-03
3400724,w_r__w_r____Terminus_12__me___Gare_2_plateau___B__KM_2020_09_03_11_38_15.gpx,2020-09-03
3400208,W_r__W_r____Yopougon_Abobodoum____Yopougon_Camp_Militaire___B___KKO_2020_09_03_13_59_58.gpx,2020-09-03
3400205,W_r__W_r____Yopougon_Saguidiba___Yopougon_Camp_Militaire___B___KKO_2020_09_03_13_11_47.gpx,2020-09-03
3400718,w_r__w_r___Zinssou_Gare_zoo___B___KM_2020_09_03_09_43_14.gpx,2020-09-03
3400201,W_r__W_r____Yopougon_Toit_Rouge_Jean_Paul_2___Yopougon_Banque_BHCI___B___KKO_2020_09_03_10_36_27.gpx,2020-09-03
3400722,w_r__w_r____vallon___Gare_carrefour_2_plateau___B___KM_2020_09_03_11_04_00.gpx,2020-09-03
3400716,w_r__w_r____Cascades_gare_zoo__B__KM_2020_09_03_09_10_14.gpx,2020-09-03
3400714,W_r__w_r___Pont_Soro___Gare_zoo___B___KM_2020_09_03_08_35_16.gpx,2020-09-03
3400728,W_r__w_r____Mairie_Adjam__gare_libert____B___KM_2020_09_03_13_13_11.gpx,2020-09-03
3400720,w_r__w_r____Op_ra_Gare_zoo___B___KM_2020_09_03_10_17_42.gpx,2020-09-03
3400203,W_r__W_r____Yopougon_Palais___Yopougon_Toit_Rouge_Jean_Paul_2___A___KKO_2020_09_03_09_27_21.gpx,2020-09-03
3400721,w_r__w_r___Gare_carrefour_2_plateau_vallon___A__KM_2020_09_03_10_41_57.gpx,2020-09-03
3400726,w_r__w_r____Gare_libert____Mairie_Adjam____A__KM_2020_09_03_12_51_44.gpx,2020-09-03
3400193,W_r__W_r____Yopougon_Camp_Militaire___Yopougon_Saguidiba___A___KKO_2020_09_03_12_50_28.gpx,2020-09-03
3400723,w_r__w_r____Gare_2_plateau__terminus_12_eme___A___KM_2020_09_03_11_19_45.gpx,2020-09-03
3400719,w_r__w_r____Gare_Zoo_Op_ra___A___KM_2020_09_03_09_59_00.gpx,2020-09-03
3400200,W_r__W_r____Yopougon_Banque_BHCI___Yopougon_Toit_Rouge_Jean_Paul_2___A___KKO_2020_09_03_11_05_21.gpx,2020-09-03
3400715,w_r__w_r____Gare_Zoo__Cascades___A__KM_2020_09_03_08_51_59.gpx,2020-09-03
3400206,W_r__W_r____Yopougon_Camp_Militaire___Yopougon_Abobodoum____A___KKO_2020_09_03_13_39_36.gpx,2020-09-03
3400717,w_r__w_r____gare_Zoo___Zinssou_A_KM_2020_09_03_09_28_32.gpx,2020-09-03
3400713,W_r__w_r____Gare_zoo__Pont_Soro___A___KM_2020_09_03_08_23_09.gpx,2020-09-03
3400725,w_r__w_r____Gare_libert___St_Michel___A___KM_2020_09_03_12_17_10.gpx,2020-09-03
3402540,Taxis___Abobo_baoul____Samake___B___LA_2020_09_03_18_03_58.gpx,2020-09-03
3402538,Taxis___Mosqu_e_Ado___Carrefour_Kennedy___B___LA_2020_09_03_17_39_41.gpx,2020-09-03
3402537,Taxis___Carrefour_Kennedy___Mosqu_e_Ado___A___LA_2020_09_03_17_34_03.gpx,2020-09-03
3402539,Taxis___Samake___Abobo_baoul____A___LA_2020_09_03_17_51_28.gpx,2020-09-03
3400562,W_r__W_r____Yopougon_Mossikro___Yopougon_Sable_Nouveau_Goudron___B___KKO_2020_09_02_17_52_39.gpx,2020-09-02
3399721,W_r__W_r____Yopougon_Sapeur_Pompier___Yopougon_Banque_BHCI___B___KKO_2020_09_02_15_28_33.gpx,2020-09-02
3399715,W_r__W_r____Yopougon_Millionnaire_Antenne___Yopougon_Sable_Nouveau_Goudron___B___KKO_2020_09_02_18_44_37.gpx,2020-09-02
3399719,W_r__W_r____Yopougon_Lama_Fofana___Yopougon_Banque_BHCI___B___KKO_2020_09_02_16_13_39.gpx,2020-09-02
3399718,W_r__W_r____Yopougon_Sable_Nouveau_Gondron___Yopougon_Mossikro___A___KKO_2020_09_02_17_08_03.gpx,2020-09-02
3399716,W_r__W_r____Yopougon_Sable_Nouveau_Goudron___Yopougon_Millionnaire_Antenne___A___KKO_2020_09_02_18_22_54.gpx,2020-09-02
3399722,W_r__W_r____Yopougon_Banque_BHCI___Yopougon_Sapeur_Pompier___A___KKO_2020_09_02_15_07_37.gpx,2020-09-02
3399720,W_r__W_r____Yopougon_Banque_BHCI___Yopougon_Lama_Fofana___A___KKO_2020_09_02_15_53_06.gpx,2020-09-02
3399919,Taxis___Abobo_march____Carrefour_Kennedy___B___LA_2020_09_02_16_02_23.gpx,2020-09-02
3402536,Taxis___Abobo_baoul____Abobo_Gare___B___LA_2020_09_02_17_52_18.gpx,2020-09-02
3399918,Taxis___Abobo_march____Carrefour_Kennedy___A___LA_2020_09_02_15_53_25.gpx,2020-09-02
3402535,Taxis___Abobo_march____Abobo_baoul____A___LA_2020_09_02_17_20_23.gpx,2020-09-02
3399081,W_r__W_r____Yopougon_Camp_Militaire___Yopougon_Palais___B___KKO_2020_09_01_14_02_16.gpx,2020-09-01
3399088,W_r__W_r____Yopougon_Sapeur_Pompier___Yopougon_Palais___B___KKO_2020_09_01_11_14_04.gpx,2020-09-01
3399078,W_r__W_r____Yopougon_Saguidiba___Yopougon_Sapeur_Pompier___B___KKO_2020_09_01_16_00_32.gpx,2020-09-01
3399083,W_r__W_r____Yopougon_Toit_Rouge_Jean_Paul_2___Yopougon_Kowe_t___B___KKO_2020_09_01_13_15_22.gpx,2020-09-01
3399082,W_r__W_r____Yopougon_Kowe_t___Yopougon_Camp_Militaire___B___KKO_2020_09_01_13_38_55.gpx,2020-09-01
3399089,W_r__W_r____Yopougon_Palais___Yopogon_Sapeur_Pompier___A___KKO_2020_09_01_10_44_04.gpx,2020-09-01
3399079,W_r__W_r____Yopougon_Sapeur_Pompier___Yopougon_Saguidiba___A___KKO_2020_09_01_15_29_11.gpx,2020-09-01
3399084,W_r__W_r____Yopougon_Kowe_t___Yopougon_Toit_Rouge_Jean_Paul_2___A___KKO_2020_09_01_12_46_08.gpx,2020-09-01
3399086,W_r__W_r____Yopougon_Camp_Militaire___Yopougon_Kowe_t___A___KKO_2020_09_01_12_26_32.gpx,2020-09-01
3399080,W_r__W_r____Yopougon_Palais___Yopougon_Camp_Militaire___A___KKO_2020_09_01_14_50_36.gpx,2020-09-01
3399917,Taxi___Grand_Carrefour___Ancienne_Gendarmerie___B___LA_2020_09_01_16_05_49.gpx,2020-09-01
3399915,Taxi___Mairie_d_Anyama___Gare_d_Anyama___B___LA_2020_09_01_15_22_40.gpx,2020-09-01
3399916,Taxi___Ancienne_Gendarmerie___Grand_Carrefour___A___LA_2020_09_01_15_48_23.gpx,2020-09-01
3399914,Taxi___Gare_Anyama___Mairie_d_Anyama___A___LA_2020_09_01_15_08_12.gpx,2020-09-01
3398501,W_r__W_r____Yopougon_Zone_Industrielle___Yopougon_March__23i_me___B___KKO_2020_08_31_12_27_45.gpx,2020-08-31
3398498,W_r__W_r____Yopougon_Zone_Industrielle___Yopougon_Carrefour_Zone___B___KKO_2020_08_31_13_56_07.gpx,2020-08-31
3398495,W_r__W_r____Yopougon_Carrefour_Chu___Yopougon_Keneya___B___KKO_2020_08_31_15_25_48.gpx,2020-08-31
3398492,W_r__W_r____Yopougon__Nouveau_Goudron_March____Yopougon_keneya___B__KKO_2020_08_31_16_22_34.gpx,2020-08-31
3398490,W_r__W_r____Yopougon_Complexe___Yopougon_Banque_BHCI___B___KKO_2020_08_31_18_39_56.gpx,2020-08-31
3398499,W_r__W_r____Yopougon_Sable_Nouveau_Goudron___Yopougon_Zone_Industrielle___B___KKO_2020_08_31_12_57_56.gpx,2020-08-31
3398505,W_r__W_r____Yopougon_Mickao___Yopougon_Carrefour_Zone___B___KKO_2020_08_31_11_39_16.gpx,2020-08-31
3398504,W_r__W_r____Yopougon_Carrefour_Zone____Yopougon_Zone_Industrielle___A___KKO_2020_08_31_11_54_55.gpx,2020-08-31
3398502,W_r__W_r____Yopougon_March__23i_me___Yopougon_Zone_Industrielle___A___KKO_2020_08_31_12_18_10.gpx,2020-08-31
3398507,W_r__W_r____Yopougon_Keneya___Yopougon_Carrefour_Chu___A___KKO_2020_08_31_10_50_06.gpx,2020-08-31
3398493,W_r__W_r____Yopougon_Keneya___Yopougon_Nouveau_Goudron_March____A___KKO_2020_08_31_15_50_10.gpx,2020-08-31
3398491,W_r__W_r____Yopougon_Banque_BHCI___Yopougon_Complexe___A___KKO_2020_08_31_18_23_48.gpx,2020-08-31
3398500,W_r__W_r____Yopougon_Zone_Industrielle___Yopougon_Sable_Nouveau_Gondron___A___KKO_2020_08_31_12_38_14.gpx,2020-08-31
3398506,W_r__W_r____Yopougon_Carrefour_Zone___Yopougon_Mickao___A___KKO_2020_08_31_11_26_24.gpx,2020-08-31
3398496,Gbaka___Yopougon_Sable___Yopougon_Carrefour_Zone___B___KKO_2020_08_31_14_50_03.gpx,2020-08-31
3398497,Gbaka___Yopougon_Carrefour_Chu___Yopougon_Sable___A___KKO_2020_08_31_14_23_40.gpx,2020-08-31
3398511,W_r__W_r____Yopougon_Gabriel_Gare___Yopougon_Bel_Air___B___KKO_2020_08_28_16_40_03.gpx,2020-08-28
3398509,W_r__W_r____Yopougon_Gabriel_Gare___Yopougon__Mairie___B___KKO_2020_08_28_15_43_18.gpx,2020-08-28
3398510,W_r__W_r____Yopougon_Bel_Air___Yopougon_Gabriel_Gare___A___KKO_2020_08_28_16_17_01.gpx,2020-08-28
3398508,w_r__w_r____Yopougon_Mairie___Yopougon_Gabriel_Gare___A___KKO_2020_08_28_15_22_37.gpx,2020-08-28
3395546,W_r__W_r____Yopougon_Terminus_40___Yopougon_Sapeur_Pompier___B___KKO_2020_08_26_14_52_55.gpx,2020-08-26
3395544,W_r___W_r____Yopougon_Camp_Militaire___Yopougon_Sapeur_Pompier___B___KKO_2020_08_26_15_28_28.gpx,2020-08-26
3395548,w_r__w_r____Yopougon_Kenya___Yopougon_Bel_Air___B___KKO_2020_08_26_13_51_22.gpx,2020-08-26
3395550,w_r__W_r____Yopougon_Station_Total_Ananeraie___Yopougon_Coopec_Ananeraie___B___KKO_2020_08_26_13_14_20.gpx,2020-08-26
3395549,w_r__W_r____Yopougon_Coopec_Ananeraie___Yopougon_Kenya___B___KKO_2020_08_26_13_30_41.gpx,2020-08-26
3395547,w_r__W_r____Yopougon_Sapeur_Pompier__Yopougon_Terminus_40___A___KKO_2020_08_26_14_32_03.gpx,2020-08-26
3395545,W_r__W_r____Yopougon_Sapeur_Pompier___Yopougon_Camp_Militaire___A___KKO_2020_08_26_15_13_26.gpx,2020-08-26
3395553,w_r__W_r____Yopougon_Bel_Air___Yopougon_Kenya___A___KKO_2020_08_26_12_25_09.gpx,2020-08-26
3395551,w_r__w_r____Yopougon_Coopec_Ananeraie___Yopougon_Station_Total_Ananeraie___A___KKO_2020_08_26_13_00_16.gpx,2020-08-26
3395552,W_r__W_r____Yopougon_Kenya_au_Feux___Yopougon_Coopec_Annaneraie___A___KKO_2020_08_26_12_44_23.gpx,2020-08-26
3399908,Taxi___BC__Belle_Cit_____Abobo_Gendarmerie___B___LA_2020_08_26_16_18_25.gpx,2020-08-26
3399913,Taxi___Houphou_t_Boigny___Lyc_e_Moderne_d_Abobo___B___LA_2020_08_26_17_11_12.gpx,2020-08-26
3399906,Taxi___Habitat_Gr_ce___Abobo_march____B___LA_2020_08_26_15_25_13.gpx,2020-08-26
3399911,Taxi___BC_Carrefour_Niamkey___Abobo_Gendarmerie___B___LA_2020_08_26_16_46_43.gpx,2020-08-26
3399912,Taxi___Lyc_e_Moderne_d_Abobo___Houphou_t_Boigny___A___LA_2020_08_26_17_02_42.gpx,2020-08-26
3399910,Taxi___Abobo_Gendarmerie___BC_Carrefour_Niamkey___A__LA_2020_08_26_16_31_12.gpx,2020-08-26
3399905,Taxi___Abobo_march____Habitat_Gr_ce___A___LA_2020_08_26_14_48_38.gpx,2020-08-26
3399907,Taxi___Abobo_Gendarmerie___BC__Belle_Cit_____A___LA_2020_08_26_16_08_17.gpx,2020-08-26
3394054,Taxi___Dokui___Abobo_march____B___LA_2020_08_25_16_38_25.gpx,2020-08-25
3394056,Taxi___Houphou_t_Boigny___Abobo_march____B___LA_2020_08_25_17_12_43.gpx,2020-08-25
3394053,Taxi___Abobo_march____Dokui___A___LA_2020_08_25_16_20_53.gpx,2020-08-25
3394055,Taxi___Abobo_march____Houphou_t_Boigny___A___LA_2020_08_25_17_00_44.gpx,2020-08-25
3392858,w_r__w_r____Yopougon_Abobodoum____Yopougon_Kowe_t___B___KKO_2020_08_24_16_12_31.gpx,2020-08-24
3392854,w_r__w_r____Yopougon_Toit_Rouge_Jean_Paul_2___Yopougon_Sapeur_Pompier___B___KKO_2020_08_24_17_02_52.gpx,2020-08-24
3392859,w_r__w_r____Yopougon_toit_rouge_Jean_Paul_2___Yopougon_Abobodoum____B___KKO_2020_08_24_15_52_15.gpx,2020-08-24
3392861,w_r__w_r____Yopougon_sable___Yopougon_Kowe_t___B___KKO_2020_08_24_14_07_42.gpx,2020-08-24
3392857,w_r__w_r____Yopougon_Kowe_t___Yopougon_Complexe___B___KKO_2020_08_24_16_23_32.gpx,2020-08-24
3392860,w_r__w_r____Yopougon_Abobodoum____Yopougon_toit_rouge_Jean_Paul_2___A___KKO_2020_08_24_15_43_13.gpx,2020-08-24
3392863,w_r__w_r____Yopougon_Kowe_t___Yopougon_abobodoum____A___KKO_2020_08_24_13_09_00.gpx,2020-08-24
3392855,w_r__w_r____Yopougon_Sapeur_Pompier___Yopougon_Toit_Rouge_Jean_Paul_2___A___KKO_2020_08_24_16_50_36.gpx,2020-08-24
3392862,w_r__w_r____Yopougon_Kowe_t___Yopougon_sable___A___KKO_2020_08_24_13_47_41.gpx,2020-08-24
3392864,w_r__w_r____Yopougon_complexe___Yopougon_Kowe_t___A___KKO_2020_08_24_12_56_27.gpx,2020-08-24
3394050,Taxi___Terminus_derri_re_rail_Celeste___Abobo_Gendarmerie___B___LA_2020_08_24_11_05_02.gpx,2020-08-24
3394048,Taxi___Terminus_derri_re___Abobo_Gare___B___LA_2020_08_24_10_27_00.gpx,2020-08-24
3394052,Taxi___Kennedy___Abobo_march____B___LA_2020_08_24_11_40_44.gpx,2020-08-24
3394047,Taxi___Abobo_Gare___Terminus_derri_re_Rail___A___LA_2020_08_24_10_05_57.gpx,2020-08-24
3394051,Taxi___Abobo_march____Kennedy___A___LA_2020_08_24_11_28_57.gpx,2020-08-24
3394049,Taxi___Abobo_Gendarmerie___Terminus_derri_re_C_leste___A___LA_2020_08_24_10_55_12.gpx,2020-08-24
3390362,w_r__w_r____Yopougon_Andokoi___Yopougon_siporex___B___KKO_2020_08_21_14_37_03.gpx,2020-08-21
3390360,w_r__w_r____Yopougon_Kowe_t___Yopougon_Siporex___B___KKO_2020_08_21_15_15_11.gpx,2020-08-21
3390364,w_r__w_r____Yopougon_Prison_Civile___Yopougon_Gabriel_Gare___B___KKO_2020_08_21_13_57_43.gpx,2020-08-21
3390370,w_r__w_r____Yopougon_Mossikro___Yopougon_Gabriel_Gare___B___KKO_2020_08_21_13_24_43.gpx,2020-08-21
3390361,w_r__w_r____Yopougon_Siporex___Yopougon_Kowe_t____A___KKO_2020_08_21_14_55_19.gpx,2020-08-21
3390365,w_r__w_r____Yopougon_Gabriel_Gare___Yopougon_Prison_Civile___A___KKO_2020_08_21_13_40_09.gpx,2020-08-21
3390368,w_r__w_r____Yopougon_Gabriel_Gare___Yopougon_Mossikro___A___KKO_2020_08_21_13_08_09.gpx,2020-08-21
3390363,w_r__w_r____Yopougon_Siporex___Yopougon_Andokoi___A___KKO_2020_08_21_14_19_39.gpx,2020-08-21
3391722,warren__Chu__Blokauss___B___JPK_2020_08_21_11_23_43.gpx,2020-08-21
3391724,warren__la_vie___blokauss___B_JPK_2020_08_21_11_41_33.gpx,2020-08-21
3391719,warren__Blokauss___Saint_Jean___B___JPK_2020_08_21_12_03_26.gpx,2020-08-21
3391727,warren__P_tisserie__blokauss___B___JPK_2020_08_21_11_57_46.gpx,2020-08-21
3391731,warren__CIAD_EDEN__riviera2_station___B___JPK_2020_08_21_15_49_50.gpx,2020-08-21
3391729,warren__Akouedo___Station_riviera_2___B___JPK_2020_08_21_15_06_13.gpx,2020-08-21
3391734,warren__9kilo___riviera2_station___B___JPK_2020_08_21_16_27_37.gpx,2020-08-21
3391732,warren__riviera2_station_9kilo___A__JPK_2020_08_21_16_13_59.gpx,2020-08-21
3391723,warren__Blokauss__la_vie___A___JPK_2020_08_21_11_33_25.gpx,2020-08-21
3391725,warren__Blokauss___Patisserie___A___JPK_2020_08_21_11_51_47.gpx,2020-08-21
3391721,warren__Blokauss__chu_Cocody___A___JPK_2020_08_21_10_52_27.gpx,2020-08-21
3391730,warren__riviera2_STation__Ciad_eden___A___JPK_2020_08_21_15_29_25.gpx,2020-08-21
3391728,warren__Station_riviera_2__Akouedo___A___JPK_2020_08_21_14_53_37.gpx,2020-08-21
3391718,warren__Saint_jean___Blokauss___A___JPK_2020_08_21_10_41_31.gpx,2020-08-21
3389866,Woro_Woro___Maison_Blanche___Carrefour_Lyc_e___B___BKD_2020_08_21_11_23_25.gpx,2020-08-21
3389885,Woro_Woro___CTAO__Terminus_SOTRA___B___BKD_2020_08_21_09_43_50.gpx,2020-08-21
3389875,Woro_Woro___Maison_Blanche___Terminus_SOTRA___B___BKD_2020_08_21_10_49_40.gpx,2020-08-21
3389878,Woro_Woro___CTAO__Carrefour_lyc_e___B___BKD_2020_08_21_10_21_02.gpx,2020-08-21
3389895,Woro__Woro___Mairie_de_Marcory_Hibiscus___B___BKD_2020_08_21_08_59_29.gpx,2020-08-21
3389890,Woro_Woro___Hibiscus__Mairie_de_Marcory___A___BKD_2020_08_21_08_24_43.gpx,2020-08-21
3389883,Woro_Woro__Terminus_SOTRA__CTAO___A___BKD_2020_08_21_10_01_58.gpx,2020-08-21
3389881,Woro_Woro___Carrefour_lyc_e__CTAO___A___BKD_2020_08_21_09_30_12.gpx,2020-08-21
3389872,Woro_Woro___Terminus_SOTRA__Maison_Blanche___A___BKD_2020_08_21_11_11_03.gpx,2020-08-21
3389868,Woro_Woro___Carrefour_lyc_e__Maison_blanche__A___BKD_2020_08_21_10_34_01.gpx,2020-08-21
3390367,w_r__w_r____Yopougon_Camp_Militaire___Yopougon_Siporex___B___KKO_2020_08_20_17_24_14.gpx,2020-08-20
3390359,w_r__w_r____Yopougon_toit_rouge_jean_Paul_2___Yopougon_Siporex___B___KKO_2020_08_20_16_38_45.gpx,2020-08-20
3390366,w_r__w_r____Yopougon_Siporex___Yopougon_Camp_Militaire___A___KKO_2020_08_20_17_03_43.gpx,2020-08-20
3390358,w_r__w_r____Yopougon_Siporex___Yopougon_Toit_Rouge_Jean_Paul_2___A___KKO_2020_08_20_16_21_23.gpx,2020-08-20
3395554,w_r__w_r____yopougon_b_ago_village___yopougon_palais___B___KKO_2020_08_18_18_58_09.gpx,2020-08-18
3395558,w_r__w_r____yopougon_carrefour_koweit___yopougon_palais___B___KKO_2020_08_18_16_59_14.gpx,2020-08-18
3395556,w_r__w_r____yopougon_abobodoum____yopougon_palais___B___KKO_2020_08_18_16_26_44.gpx,2020-08-18
3395560,w_r__w_r____yopougon_mossikro___yopougon_bel_air___B___KKO_2020_08_18_13_06_29.gpx,2020-08-18
3395561,w_r__w_r____yopougon_abobodoum__sant____yopougon_mossikro___B___KKO_2020_08_18_12_47_06.gpx,2020-08-18
3395564,w_r__w_r____yopougon_Antenne___yopougon_bel_air___B___KKO_2020_08_18_11_58_22.gpx,2020-08-18
3395555,w_r__w_r____yopougon_palais___yopougon_b_ago_village___A___KKO_2020_08_18_17_58_36.gpx,2020-08-18
3395559,w_r__w_r____yopougon_palais___yopougon_abobodoum____A___KKO_2020_08_18_16_07_16.gpx,2020-08-18
3395562,w_r__w_r____yopougon_mossikro___yopougon_abobodoum__sant____A___KKO_2020_08_18_12_28_37.gpx,2020-08-18
3395563,w_r__w_r____yopougon_bel_air___yopougon_Mossikro___A___KKO_2020_08_18_12_14_27.gpx,2020-08-18
3395557,w_r__w_r____yopougon_palais___yopougon_carrefour_koweit___A___KKO_2020_08_18_16_41_31.gpx,2020-08-18
3395565,w_r__w_r____yopougon_bel_Air___yopougon_Antenne___A___KKO_2020_08_18_11_33_01.gpx,2020-08-18
3389550,warren__Anono___Riviera_2___B___JPK_2020_08_18_14_46_22.gpx,2020-08-18
3389548,warren__station__petro_ivoire___B___JPK_2020_08_18_13_57_51.gpx,2020-08-18
3389546,warren__Rosier_programme_6__station___B___JPK_2020_08_18_12_58_37.gpx,2020-08-18
3389540,warren__Sol_b_ni___9kilo___B___JPK_2020_08_18_11_04_25.gpx,2020-08-18
3389553,warren__Eden___9kilo___B___JPK_2020_08_18_10_37_35.gpx,2020-08-18
3389544,warren__STation_apres_barrage___Chu_Angre___B___JPK_2020_08_18_12_18_14.gpx,2020-08-18
3389537,warren__Akouedo___9kilo___B___JPK_2020_08_18_10_02_47.gpx,2020-08-18
3389542,warren__Abri_2000___Gare_bonoumin___B___JPK_2020_08_18_11_41_29.gpx,2020-08-18
3389547,warren__Station___Petro_ivoire___A___JPK_2020_08_18_13_34_44.gpx,2020-08-18
3389538,warren__9kilo___Ciad_Eden___A_JPK_2020_08_18_10_14_49.gpx,2020-08-18
3389545,warren__STation_apres_barrage___rosier_programme_6___A___JPK_2020_08_18_12_32_40.gpx,2020-08-18
3389543,warren__Station_Apres_barrage__Chu_de_Angr____A___JPK_2020_08_18_12_05_15.gpx,2020-08-18
3389539,warren__9kilo_Sol_beni_au_bateau___A___JPK_2020_08_18_10_51_30.gpx,2020-08-18
3389541,warren__9kilo__terminus_Emeraude_Abri_2000___A___JPK_2020_08_18_11_27_42.gpx,2020-08-18
3389549,warren__RIviera_2___Anono____A___JPK_2020_08_18_14_35_48.gpx,2020-08-18
3389536,Warren__9kilo_Akouedo___A___JPK_2020_08_18_09_47_51.gpx,2020-08-18
3385417,Woro_Woro___Soweto_Gare_communale___B___BKD_2020_08_14_09_00_42.gpx,2020-08-14
3385410,Woro_Woro___Sicogi_Gare_communale___B___BKD_2020_08_14_08_36_25.gpx,2020-08-14
3385414,Woro_Woro___Gare_communale__Soweto___A___BKD_2020_08_14_08_49_52.gpx,2020-08-14
3385408,Woro_Woro___Gare_communale_Sicogi___A___BKD_2020_08_14_08_18_50.gpx,2020-08-14
3385402,Gbaka__Rue_12__San_fil__B___BKD_2020_08_12_09_00_05.gpx,2020-08-12
3385401,Gbaka__San_fil___Rue_12__A__BKD_2020_08_12_08_40_00.gpx,2020-08-12
3385398,Woro_Woro___Sicogi___san_fil___B___BKD_2020_08_12_08_07_06.gpx,2020-08-12
3385397,Woro_Woro___Soweto__Sicogi__B___BKD_2020_08_12_07_38_54.gpx,2020-08-12
3385406,Woro_Woro___terminus_32_sicogi___B___BKD_2020_08_12_10_43_27.gpx,2020-08-12
3385396,Woro_Woro__Sicogi_sous_l_arbre_Soweto___A___BKD_2020_08_12_07_26_03.gpx,2020-08-12
3385403,Woro_Woro___Sicigi__terminus_32___A___BKD_2020_08_12_09_58_30.gpx,2020-08-12
3385404,Woro_Woro___San_fil__Sicogi___A___BKD_2020_08_12_09_38_42.gpx,2020-08-12
3202769,Woro_woro___Grand_March__Koumassi_San_Fil___B_2020_02_05_15_35_48.gpx,2020-02-05
3202763,Woro_woro___Soweto_Grand_March__Koumassi____B_2020_02_05_14_53_15.gpx,2020-02-05
3202765,Woro_woro___Campement_Grand_March__Koumassi__B_2020_02_05_15_18_46.gpx,2020-02-05
3202758,Woro_woro__Gare_Woro_woro_H_pital_G_n_ral_Gare_Woro_woro_San_Fil___B_2020_02_05_14_11_54.gpx,2020-02-05
3202761,Woro_woro___Grand_March__Koumassi_Soweto___A_2020_02_05_14_42_17.gpx,2020-02-05
3202766,Woro_woro___Gare_Woro_woro_San_Fil_Gare_Woro_woro_Grand_March__Koumassi___A_2020_02_05_14_23_18.gpx,2020-02-05
3202755,Woro_woro___Gare_Woro_woro_Sans_Fil_Gare_Woro_woro_H_pital_G_n_ral_A_2020_02_05_13_49_02.gpx,2020-02-05
3202764,Woro_woro___Grand_March__Koumassi_Campement___A_2020_02_05_15_05_30.gpx,2020-02-05
3202008,Woro_woro___Grand_March__Koumassi_05_2020_02_04_19_28_40.gpx,2020-02-04
3202010,Woro_woro___Ancien_Koumassi_Grand_March__Koumassi_2020_02_04_19_04_00.gpx,2020-02-04
3202000,Woro_woro___05___Grand_March__Koumassi_2020_02_04_19_50_56.gpx,2020-02-04
3202011,Woro_woro___Grand_March__Koumassi_Ancien_Koumassi_2020_02_04_18_43_24.gpx,2020-02-04
3196475,woro_woro_mahou_palmeraie_KM_B_2020_01_29_11_56_52.gpx,2020-01-29
3196478,woro_woro_terminus_82_palmeraie_KM_B_2020_01_29_11_04_11.gpx,2020-01-29
3196477,woro_woro_palmeraie_mahou_KM_A_2020_01_29_11_26_22.gpx,2020-01-29
3196479,woro_woro_palmeraie_terminus82_2020_01_29_10_29_28.gpx,2020-01-29
3196728,Taxi___Angr__P_tro___Abobo_Gare___B___RL_2020_01_28_17_39_19.gpx,2020-01-28
3196727,Taxi___Abobo_Gare___Angr__p_tro___A___RL_2020_01_28_17_18_29.gpx,2020-01-28
3192963,w_r__wor__st_jean__petro_ivoire_KM_A_2020_01_24_10_02_33.gpx,2020-01-24
3192967,wor__wor__angre_ch_teau_st_jean_KM_B_2020_01_24_11_58_40.gpx,2020-01-24
3192964,wor__wor__angre_petro_ivoire_st_jean_KM_B_2020_01_24_10_36_09.gpx,2020-01-24
3192969,wor__wor__rivera2_st_jean_KM_B_2020_01_24_13_03_45.gpx,2020-01-24
3192966,wor__wor__st_jean_angre_ch_teau_KM_A_2020_01_24_11_16_09.gpx,2020-01-24
3192968,wor__wot__st_jean_rivera2_KM_A_2020_01_24_12_41_16.gpx,2020-01-24
3195292,Taxi___Biabou___Gare_Abobo___B___RL_2020_01_24_12_21_03.gpx,2020-01-24
3195279,Taxi___Houphou_t_Boigny___Gare_Abobo___B____RL_2020_01_24_10_58_10.gpx,2020-01-24
3195294,Taxi____N_dotr____Abobo_Gendarmerie___B___RL_2020_01_24_16_39_30.gpx,2020-01-24
3195283,Taxi___BC___Gare_Abobo___B___RL_2020_01_24_11_31_07.gpx,2020-01-24
3195286,Taxi___Gare_Abobo___Biabou___A___RL_2020_01_24_11_57_16.gpx,2020-01-24
3195293,Taxi___Abobo_Gendarmerie___N_dotr____A___RL_2020_01_24_16_16_53.gpx,2020-01-24
3195277,Taxi___Gare_Abobo___Houphou_t_Boigny___A___RL_2020_01_24_10_38_37.gpx,2020-01-24
3195281,Taxi___Gare_Abobo___BC___A___RL_2020_01_24_11_19_14.gpx,2020-01-24
3193341,Woro_woro___Anani__Adjouffou__Gonzagueville____Port_Bouet_hotel_communal__march___B___CN_2020_01_23_13_28_42.gpx,2020-01-23
3193340,Woro_woro___Vridi_Canal___Port_Bouet_hotel_communal__march___B___CN_2020_01_23_12_48_13.gpx,2020-01-23
3193336,Woro_woro__Vridi_Cit____Port_bouet_hotel_communal___B___CN_2020_01_23_11_51_35.gpx,2020-01-23
3193334,Woro_woro__Port_bouet_hotel_communal___Vridi_Cit____A___CN_2020_01_23_11_31_24.gpx,2020-01-23
3193338,Woro_woro___Port_Bouet_Phare___Anani_Adjouffou__Gonzagueville___A__CN_2020_01_23_13_13_26.gpx,2020-01-23
3193337,Woro_woro___Port_Bouet_H_tel_communal___Vridi_Canal__A__CN_2020_01_23_12_11_04.gpx,2020-01-23
3175828,Gbaka___Adjam__nouvelle_Gare___BC__Belle_Cit_____HP___B___LA_2019_12_30_17_05_40.gpx,2019-12-30
3175423,Gbaka___Nouvelle_Gare___Carrefour_JAUG___HP___B___LA_2019_12_30_06_46_55.gpx,2019-12-30
3175422,Gbaka___Carrefour_JAUG___Adjam__Nouvelle_Gare___HP___A___LA_2019_12_30_06_06_47.gpx,2019-12-30
3175425,Gbaka___BC__Belle_Cit_____Adjam__Nouvelle_Gare___HP___A___LA_2019_12_30_07_48_29.gpx,2019-12-30
3173313,Gbaka__Mosqu_e__acad_mie___HP__B__ZB_2019_12_27_18_09_23.gpx,2019-12-27
3173316,Gbaka__Mosqu_e__Lokoa___HP__B__ZB_2019_12_27_18_09_23.gpx,2019-12-27
3173018,Gbaka__Bingerville___Gare_Pharmacie_Agban___B___HP___BKD_2019_12_27_09_03_18.gpx,2019-12-27
3173013,Gbaka__Bingerville___Gare_Pharmacie_Agban___B___HP___BKD_2019_12_27_09_03_18.gpx,2019-12-27
3173061,Gbaka___Adjam__Agban_Yopougon_Gesco_Gare___B___KKO_2019_12_27_10_23_04.gpx,2019-12-27
3173354,Gbaka___Carrefour_Zone___Abobo_Gendarmerie___B___HP___LA_2019_12_27_19_53_30.gpx,2019-12-27
3173054,Gbaka___Yopougon_Camp_Militaire_Adjam__Agban___B___KKO___HP_2019_12_27_06_26_36.gpx,2019-12-27
3173059,Gbaka___Yopougon_Boassi_Adjam__Agban___B___KKO_2019_12_27_09_49_52.gpx,2019-12-27
3173056,Gbaka___Port_Vridi_Adjam__Agban___B___KKO___HP_2019_12_27_07_43_59.gpx,2019-12-27
3173011,Gbaka__Gare_Pharmacie_Agban_Bingerville___A___HP_BKD_2019_12_27_08_00_07.gpx,2019-12-27
3173314,Gbaka__Lokoa___Mosqu_e___A__HP___ZB_2019_12_27_17_10_01.gpx,2019-12-27
3173353,Gbaka___Abobo_Gendarmerie___Carrefour_Zone___A___LA_2019_12_27_16_19_53.gpx,2019-12-27
3173055,Gbaka___Adjam__Agban_Port_Vridi___A___KKO___HP_2019_12_27_07_11_19.gpx,2019-12-27
3173057,Gbaka___Adjam__Agban_Yopougon_Camp_Militaire___A___KKO___HP_2019_12_27_08_14_45.gpx,2019-12-27
3173058,Gbaka___Adjam__Agban_Yopougon_Boassi___A___KKO_2019_12_27_09_20_10.gpx,2019-12-27
3172688,Gbaka__Mosqu_e__Acad_mie__B___HP__ZB_2019_12_26_17_53_10.gpx,2019-12-26
3172552,Gbaka__Bingerville__Gare_Pharmacie_Agban___B___BKD_2019_12_26_13_56_11.gpx,2019-12-26
3172395,Gbaka_Mosqu_e_Ado___gare_Abobo___B___JPK___HP_2019_12_26_08_02_45.gpx,2019-12-26
3172407,Gbaka_Kennedy__march____Abobo_gare___B___JPK__HP_2019_12_26_08_36_32.gpx,2019-12-26
3172553,Gbaka__Gare_Pharmacie_Agban__Bingerville___A___BKD_2019_12_26_12_52_09.gpx,2019-12-26
3172689,Gbaka___Acad_mie__Mosqu_e__HP___A__ZB_2019_12_26_16_59_50.gpx,2019-12-26
3172396,Gbaka_Gare_Abobo___Kennedy__mosqu_e_Ado____A___JPK__HP_2019_12_26_07_22_14.gpx,2019-12-26
3172391,Gbaka_Gare_Abobo___Kennedy__march_____A___JPK__HP_2019_12_26_08_36_32.gpx,2019-12-26
3172393,Gbaka_Abobo_gare___Kennedy_march____A___JPK__HP_2019_12_26_08_24_28.gpx,2019-12-26
3171298,Gbaka__Bingerville_Nouvelle_Gare_Gare_Agban___B___HP___BKD_2019_12_24_09_08_42.gpx,2019-12-24
3171296,Gbaka__Bingerville_Nouvelle_Gare_Gare_Agban____B___BKD_2019_12_24_11_35_23.gpx,2019-12-24
3172397,Gbaka_Ake_koi_village___Abobo_gare___B___JPK____HP_2019_12_24_08_49_29.gpx,2019-12-24
3172401,Gbaka_Pk18___Abobo_gare___B___JPK__HP_2019_12_24_07_30_48.gpx,2019-12-24
3171297,Gbaka__Gare_Agban_Bingerville_Nouvelle_Gare___A___BKD_2019_12_24_10_18_35.gpx,2019-12-24
3171299,Gbaka__Gare_Agban_Bingerville___A___HP__BKD_2019_12_24_08_17_33.gpx,2019-12-24
3172400,Gare_Abobo___Pk18___A___JPK__HP_2019_12_24_07_55_24.gpx,2019-12-24
3172398,Gare_Akeikoi__Abobo____Ake_koi_village___A___JPK__HP_2019_12_24_08_31_09.gpx,2019-12-24
3171295,21___B___BKD_2019_12_24_14_58_50.gpx,2019-12-24
3170631,Gbaka__Riviera_2___Libert____B___HP___BKD_2019_12_23_07_58_06.gpx,2019-12-23
3170633,Gbaka__Libert____Riviera_2___A___HP___BKD_2019_12_23_07_32_20.gpx,2019-12-23
3170628,12___A___BKD_2019_12_23_09_48_08.gpx,2019-12-23
3170100,Gkaka___Camps_militaire__Libert____HP___ZB___A_2019_12_19_08_19_51.gpx,2019-12-19
3167748,Gbaka___Mosqu_e_Lokoa___B___ZB_2019_12_18_15_35_53.gpx,2019-12-18
3167745,Gbaka___Mosqu_e_Acad_mie__B__ZB_2019_12_18_13_41_57.gpx,2019-12-18
3167750,Gbaka__Mosqu_e__Terminus_27___B__ZB_2019_12_18_10_08_23.gpx,2019-12-18
3167743,Gbaka__Mosqu_e_Terminus_27___HP___B___ZB_2019_12_18_08_26_10.gpx,2019-12-18
3167742,Gbaka___Terminus_27___Mosqu_e___A___HP__ZB_2019_12_18_07_08_59.gpx,2019-12-18
3167744,Gbaka___Terminus_27__Mosqu_e___A___ZB_2019_12_18_09_17_59.gpx,2019-12-18
3167746,Gbaka__Lokoa__Mosqu_e___A__ZB_2019_12_18_14_41_47.gpx,2019-12-18
3167749,Gbaka____Acad_mie_Mosqu_e__A__ZB_2019_12_18_12_54_11.gpx,2019-12-18
3167741,Gbaka___Libert___Camps_militaire___HP___B__ZB_2019_12_17_18_07_48.gpx,2019-12-17
3166929,Gbaka__Bingerville_Nouvelle_Gare__La_Gare_en_Haut___B___HP___BKD_2019_12_17_10_48_00.gpx,2019-12-17
3168125,Gbaka_B_KM_HP_Lubafrik_Gare_Agban__2019_12_17_07_19_04.gpx,2019-12-17
3167045,Gbaka___Adjam__Libert__Yopougon_Iges___B___KKO_2019_12_17_10_19_09.gpx,2019-12-17
3169348,Gbaka_B_KM_Lubafrik_yopougon__gare_Agban__2019_12_17_12_04_18.gpx,2019-12-17
3168127,Gbaka_B_KM_Lubafrik_yopougon__gare_Agban__2019_12_17_12_04_18.gpx,2019-12-17
3168131,Gbaka_B_KM_HP_march__bagnon_yopougon__gare_agban__2019_12_17_17_18_19.gpx,2019-12-17
3167049,Gbaka___Yopougon_Camp_Militaire_Adjam__Agban___B___KKO_2019_12_17_16_01_14.gpx,2019-12-17
3166927,Gbaka__Attogban_La_Gare_en_Haut___B___HP___BKD_2019_12_17_08_25_51.gpx,2019-12-17
3167042,Gbaka___Adjam__Libert__Yopougon_Iges___B___KKO___HP_2019_12_17_08_34_29.gpx,2019-12-17
3168129,Gbaka_B_KM_march__bagnon_yopougon__gare_agban__2019_12_17_14_38_46.gpx,2019-12-17
3166931,Gbaka__Anono_La_Gare_en_Haut___B___BKD_2019_12_17_12_48_44.gpx,2019-12-17
3169377,Gbaka___Port_Vridi_Adjam__Agban___B___KKO_2019_12_17_14_54_01.gpx,2019-12-17
3167047,Gbaka___Adjam__Agban_Port_Vridi___B___KKO_2019_12_17_14_54_01.gpx,2019-12-17
3167993,Gbaka__Akou_do_Atti___gare_en_haut___300f___B__JPK___HP_2019_12_17_19_04_53.gpx,2019-12-17
3167992,Gbaka__Akou_do_Atti___gare_en_haut___300f___B__JPK___HP_2019_12_17_19_04_53.gpx,2019-12-17
3167051,Gbaka___Yopougon_Boassi_Adjam__Agban___B___KKO___HP_2019_12_17_17_45_07.gpx,2019-12-17
3170022,Gbaka___Carrefour_N_dotr____Gare_Abobo___B___HP___LA_2019_12_17_08_03_41.gpx,2019-12-17
3169352,Gbaka_A_KM_Gare_agban_Lubafrik_Yopougon___2019_12_17_10_22_44.gpx,2019-12-17
3166928,Gbaka__La_Gare_en_Haut_Bingerville___A___HP___BKD_2019_12_17_09_08_45.gpx,2019-12-17
3167991,Gbaka__Gare_en_haut___Akou_do_Atti___300f___A__JPK__HP_2019_12_17_17_33_46.gpx,2019-12-17
3168124,Gbaka_A_KM_HP_Gare_Kobenan_Agban__Yopougon_Lubafrik__2019_12_17_06_10_04.gpx,2019-12-17
3168130,Gbaka_A_KM_HP__gare_agban__march__Bagnon_yopougon__2019_12_17_16_21_30.gpx,2019-12-17
3168128,Gbaka_A_KM_Gare_agban__march__bagnon_yopougon__2019_12_17_13_52_21.gpx,2019-12-17
3167050,Gbaka___Adjam__Agban_Yopougon_Boassi___A___KKO___HP_2019_12_17_17_00_52.gpx,2019-12-17
3167041,Gbaka___Yopougon_Iges_Adjam__Libert____A___KKO___HP_2019_12_17_07_47_59.gpx,2019-12-17
3167044,Gbaka___Yopougon_Iges_Adjam__Libert____A___KKO_2019_12_17_09_27_02.gpx,2019-12-17
3167046,Gbaka___Adjam__Agban_Vridi_Port___A___KKO_2019_12_17_14_05_00.gpx,2019-12-17
3166926,Gbaka__La_gare_en_Haut_Attogban__A_HP__BKD_2019_12_17_07_47_58.gpx,2019-12-17
3167048,Gbaka___Adjam__Agban_Yopougon_Camp_Militaire___A___KKO_2019_12_17_15_34_48.gpx,2019-12-17
3166930,Gbaka__La_Gare_en_Haut__Anono___A__BKD_2019_12_17_12_22_56.gpx,2019-12-17
3170023,Gbaka___Gare_Abobo___Belleville___A___HP___LA_2019_12_17_08_29_16.gpx,2019-12-17
3170021,Gbaka___Gare_Abobo___Carrefour_N_dotr____A___HP___LA_2019_12_17_07_45_48.gpx,2019-12-17
3166583,Gbaka_B_KM_HP_Terminus_Yopougon_Maroc_academie_Gare_Kobenan_Agban__2019_12_16_06_33_57.gpx,2019-12-16
3166586,Gbaka_B_KM_Academie_yopougon_Maroc_Gare_Kobenan_agban__2019_12_16_10_05_56.gpx,2019-12-16
3166617,Gbaka__Libert__Lokoa___B__HP__ZB_2019_12_16_20_38_48.gpx,2019-12-16
3166611,Gbaka__Libert____Terminus_27__B__ZB_2019_12_16_13_24_30.gpx,2019-12-16
3166602,GBAKA__bingerville_adjam__libert___B_CN_hp_2019_12_16_17_25_39.gpx,2019-12-16
3166591,GBAKA_yopougon_palais_adjam__libert___B_CN_hp_2019_12_16_07_32_58.gpx,2019-12-16
3166597,Gbaka_B_KM_Gare_Kobenan_agban_yopougon_Kowe_t__2019_12_16_14_41_12.gpx,2019-12-16
3166529,Gbaka_Akou_do___Gare_en_haut___B___JPK___HP_2019_12_16_07_41_58.gpx,2019-12-16
3166590,Gbaka_B_KM_Yopougon_terminus_27__Gare_Kobenan_Agban__2019_12_16_12_21_03.gpx,2019-12-16
3166605,Gbaka__Libert___acad_mie__HP___B__ZB_2019_12_16_08_31_11.gpx,2019-12-16
3166616,Gbaka____Gonzagville__Gare_de_bassam___B__HP__ZB_2019_12_16_19_33_21.gpx,2019-12-16
3166440,Gbaka___Adjam__Renault_Yopougon_Palais___B___KKO_2019_12_16_11_52_57.gpx,2019-12-16
3166438,Gbaka___Adjam__Libert__Yopougon_Koweit___B___KKO___HP_2019_12_16_08_53_13.gpx,2019-12-16
3166599,Gbaka_B_KM_HP__yopougon_Kowe_t_Gare_kobeban_Agban__2019_12_16_16_44_28.gpx,2019-12-16
3169374,Gbaka___Adjam__Agban_Yopougon_Gesco___B___KKO___HP_2019_12_16_17_36_51.gpx,2019-12-16
3166619,Gbaka___Adjam__Agban_Yopougon_Gesco___B___KKO_2019_12_16_17_36_51.gpx,2019-12-16
3166532,Gbaka___M_POUTO___gare_en_haut___B___JPK_2019_12_16_09_25_55.gpx,2019-12-16
3166550,Gbaka__M_Badon___Gare_en_haut___B___JPK___HP_2019_12_16_17_57_07.gpx,2019-12-16
3169379,Gbaka___Abobo_Gare_Mairie_Adjam__Libert__par_le_ZOO___B___KkO___HP_2019_12_16_08_15_45.gpx,2019-12-16
3181423,Gbaka___Abobo_Gare_Mairie_Adjam__Libert____B___KkO___HP_2019_12_16_08_15_45.gpx,2019-12-16
3166437,Gbaka___Abobo_Gare_Mairie_Adjam__Libert____B___KkO___HP_2019_12_16_08_15_45.gpx,2019-12-16
3166439,Gbaka___Abobo_Gare_Mairie_Adjam__Renault___B___KKO_2019_12_16_10_41_01.gpx,2019-12-16
3170000,Gbaka___Gare_Anyama___Gare_Abobo___B___HP___LA_2019_12_16_07_57_54.gpx,2019-12-16
3166595,GBAKA__h_tel_ibis_koumassi__adjam__libert__B_CN_2019_12_16_11_34_14.gpx,2019-12-16
3170017,Gbaka___Belleville___Gare_Abobo___B___LA_2019_12_16_11_53_58.gpx,2019-12-16
3166609,Gbaka_Gare_de_bassam__Libert____B___ZB_2019_12_16_13_02_53.gpx,2019-12-16
3170006,Gbaka___Angr__P_tro_Ivoire___Gare_Abobo___B___LA_2019_12_16_09_05_02.gpx,2019-12-16
3170102,Gbaka__Acad_mie__Libert____HP__A__ZB_2019_12_16_06_55_10.gpx,2019-12-16
3166584,Gbaka_A_KM_Gare_Kobenan_Yopougon__Maroc_acad_mie__2019_12_16_08_33_45.gpx,2019-12-16
3166582,Gbaka_A_KM_HP__Gare_Kobenan_Agban_Yopougon_Maroc_Acad_mie__2019_12_16_05_05_16.gpx,2019-12-16
3166533,Gbaka__Gare_en_haut___Akou_do_Atti____300f___A__JPK_2019_12_16_10_16_15.gpx,2019-12-16
3166615,Gbaka_Gare_de_bassam_Gonzagville__A__HP__ZB_2019_12_16_18_16_29.gpx,2019-12-16
3166614,Gbaka__Lokoa__Libert___A__HP__ZB_2019_12_16_16_55_36.gpx,2019-12-16
3166435,Gbaka___Yopougon_Kowe_t_Adjam__Libert____A___KKO___HP_2019_12_16_06_35_36.gpx,2019-12-16
3166596,Gbaka_A_KM__Gare_Kobenan_agban__Yopougon_kowet__2019_12_16_13_40_20.gpx,2019-12-16
3166588,Gbaka_A_KM_Gare_Kobenan__Agban___Yopougon_terminus_27__2019_12_16_11_25_06.gpx,2019-12-16
3166598,Gbaka_A_KM_HP_Gare_Kobenan__Agban__yopougon_Kowe_t__2019_12_16_15_47_56.gpx,2019-12-16
3166589,GBAKA__adjam__libert___yopougon_palais_A_CN_hp_2019_12_16_06_35_59.gpx,2019-12-16
3166549,Gbaka__Adjam__A_la_gare_en_haut___M_Badon__La_gare____A___JPK__HP_2019_12_16_17_06_58.gpx,2019-12-16
3166607,Gbaka__Terminus_27___Libert____A__ZB_2019_12_16_11_37_11.gpx,2019-12-16
3166528,Gbaka_gare_en_haut___Akouedo___A___JPK___HP_2019_12_16_06_53_29.gpx,2019-12-16
3166592,GBAKA_adjam__libert___bingerville_A_CN_hp_2019_12_16_08_40_59.gpx,2019-12-16
3166530,Gbaka___Gare_en_haut___M_Pouto___A___JPK_2019_12_16_08_44_44.gpx,2019-12-16
3166548,Gbaka__Akou_do_Atti___gare_en_haut___300f___A__JPK_2019_12_16_11_30_01.gpx,2019-12-16
3169378,Gbaka___Adjam__Libert__Abobo_Gare_Mairie_par_le_ZOO___A___KKO___HP_2019_12_16_07_41_53.gpx,2019-12-16
3181424,Gbaka___Adjam__Libert__Abobo_Gare_Mairie____A___KKO___HP_2019_12_16_07_41_53.gpx,2019-12-16
3166436,Gbaka___Adjam__Libert__Abobo_Gare_Mairie___A___KKO___HP_2019_12_16_07_41_53.gpx,2019-12-16
3170007,Gbaka___Gare_Abobo___Angr__P_tro_Ivoire___A___LA_2019_12_16_10_41_40.gpx,2019-12-16
3166594,GBAKA__adjam__libert___hotel_ibis_koumassi_A_CN_2019_12_16_11_09_14.gpx,2019-12-16
3169373,Gbaka___Yopougon_Gesco_Adjam__Agban___A___KKO___HP_2019_12_16_17_13_39.gpx,2019-12-16
3166618,Gbaka___Yopougon_Gesco_Adjam__Agban___A___KKO_2019_12_16_17_13_39.gpx,2019-12-16
3166608,Gbaka__Libert___Gare_de_bassam__A__ZB_2019_12_16_12_32_57.gpx,2019-12-16
3169997,Gbaka___Gare_Abobo___Gare_Anyama___A___HP___LA_2019_12_16_07_35_40.gpx,2019-12-16
3170005,Gbaka___Gare_Abobo___Angr__P_tro_Ivoire___A___HP___LA_2019_12_16_08_29_29.gpx,2019-12-16
3170001,Gbaka___Gare_Abobo___Angr__P_tro_Ivoire___A___HP___LA_2019_12_16_08_29_29.gpx,2019-12-16
3166433,Gbaka___Yopougon_Palais_Adjam__Renault___A___KKO_2019_12_13_11_22_22.gpx,2019-12-13
3169367,Gbaka___Adjam__renault_Abobo_Gare_Mairie___A___KKO_2019_12_13_12_08_06.gpx,2019-12-13
3166434,Gbaka___Adjam__Libert__Abobo_Gare_Mairie___A___KKO_2019_12_13_12_08_06.gpx,2019-12-13
3165241,Aqualines_B_KM_HP_plateau_Treichville_abobodoum___2019_12_13_12_14_13.gpx,2019-12-13
3165242,Aqualine_B_KM_HP_Plateau_Treichville_abatta__2019_12_13_15_59_18.gpx,2019-12-13
3165243,Aqualine__A_KM_HP__Abatta_plateau__2019_12_13_17_23_13.gpx,2019-12-13
3165392,Aqualine_A_KM_abobodoum__Treichville_plateau__2019_12_13_12_47_30.gpx,2019-12-13
3165788,728_Lubafrique__cole_de_police___B___JPK___HP_2019_12_13_08_18_57.gpx,2019-12-13
3166002,67___A___KKO___HP__Anani_Route_de_Bassam__2019_12_13_07_25_24.gpx,2019-12-13
3165239,59_A_KM_HP_2019_12_13_06_23_35.gpx,2019-12-13
3165240,50_A_KM_HP_2019_12_13_07_46_58.gpx,2019-12-13
3165463,Gbaka___Nouvelle_Gare___Carrefour_JAUG___B___LA_2019_12_12_11_02_43.gpx,2019-12-12
3165465,Gbaka___Adjam__Nouvelle_Gare___BC__Belle_Cit_____B___LA_2019_12_12_12_42_58.gpx,2019-12-12
3165461,Gbaka___Carrefour_Zone___Abobo_Gendarmerie___B___LA_2019_12_12_09_31_55.gpx,2019-12-12
3165467,Gbaka___Gare_d_Anyama___Abobo_Gare___B___LA_2019_12_12_14_17_01.gpx,2019-12-12
3165470,Gbaka___Belleville___Abobo_Gare___B___LA_2019_12_12_17_10_41.gpx,2019-12-12
3165471,Gbaka___P_tro_Ivoire___Abobo_Gare___B___LA_2019_12_12_19_46_57.gpx,2019-12-12
3165226,Gbaka___Carrefour_N_dotr____Abobo_Gare___B___LA_2019_12_12_15_02_07.gpx,2019-12-12
3165460,Gbaka___Abobo_Gendarmerie___Carrefour_Zone___A___LA_2019_12_12_08_32_02.gpx,2019-12-12
3165464,Gbaka___BC__Belle_Cit_____Nouvelle_Gare_Adjam____A___LA_2019_12_12_12_03_08.gpx,2019-12-12
3165462,Gbaka___Carrefour_JAUG___Nouvelle_Gare_Adjam____A___LA_2019_12_12_10_30_24.gpx,2019-12-12
3165466,Gbaka___Abobo_Gare___Gare_d_Anyama___A___LA_2019_12_12_13_50_32.gpx,2019-12-12
3165469,Gbaka___Abobo_Gare___Belleville___A___LA_2019_12_12_16_41_52.gpx,2019-12-12
3165224,Gbaka___Abobo_Gare___Carrefour_N_dotr____A___LA_2019_12_12_14_45_38.gpx,2019-12-12
3165786,728_Lubafrique__cole_de_police___B___JPK_2019_12_12_16_00_04.gpx,2019-12-12
3165785,728__cole_de_police___Lubafrique___A___JPK_2019_12_12_14_55_12.gpx,2019-12-12
3165787,728__cole_de_police___Lubafrique___A___JPK__HP_2019_12_12_17_35_53.gpx,2019-12-12
3164876,50_A_KM_2019_12_12_09_02_04.gpx,2019-12-12
3164875,41_A_KM_HP_2019_12_12_04_06_58.gpx,2019-12-12
3164842,35_A_CN_hp_gare_nord__terminus_35_2019_12_12_08_10_07.gpx,2019-12-12
3164877,13_A_KM_HP_Gare_Koumassi__2019_12_12_16_27_19.gpx,2019-12-12
3164710,11___B___BKD_2019_12_12_12_53_05.gpx,2019-12-12
3164709,11___B___BKD_2019_12_12_12_53_05.gpx,2019-12-12
3159539,29___A___LA_2019_11_18_11_46_47.gpx,2019-11-18
3148043,205___B___KKO___HP_2019_11_13_08_39_41.gpx,2019-11-13
3147540,STL_B_KM_HP_Koumassi_abobodoum___2019_11_12_18_57_02.gpx,2019-11-12
3147539,STL_A_KM_HP_Treichville_abobodoum___2019_11_12_16_21_15.gpx,2019-11-12
3147538,775_B_KM_HP_2019_11_12_07_42_53.gpx,2019-11-12
3147537,775_A_KM_HP_2019_11_12_06_42_56.gpx,2019-11-12
3148183,772___B___LA___HP_2019_11_12_17_00_31.gpx,2019-11-12
3148184,772___A___LA_2019_11_12_15_18_52.gpx,2019-11-12
3148042,729___B___KKO___HP_2019_11_12_18_38_10.gpx,2019-11-12
3148041,729___A___KKO_2019_11_12_10_39_51.gpx,2019-11-12
3147563,53__Vridi_Cit____Campus___A___JPK___HP_2019_11_12_08_36_39.gpx,2019-11-12
3147481,17___Vridi_Canal___Gonzagueville___B__BKD___HP_2019_11_12_07_59_31.gpx,2019-11-12
3147480,17___Gare_SOTRA_Gonzagueville___Vridi_Canal___BKD___HP_2019_11_12_06_45_08.gpx,2019-11-12
3147483,17__Gare_Gonzagueville___Vridi_Canal___BKD_2019_11_12_09_51_59.gpx,2019-11-12
3147484,17___Vridi_Canal___Gare_Gonzagueville___BKD_2019_11_12_10_50_38.gpx,2019-11-12
3147024,STL_B_KM_abobodoum__plateau_Treichville__2019_11_11_10_35_43.gpx,2019-11-11
3147019,STL_B_KM_HP_Abobodoume_Treichville__2019_11_11_07_36_48.gpx,2019-11-11
3147020,STL_A_KM_HP_Treichville_plateau_M_pouto_Koumassi__2019_11_11_08_00_57.gpx,2019-11-11
3147017,STL_A_KM_HP_Treichville_plateau_abobodoum___2019_11_11_06_47_37.gpx,2019-11-11
3147055,773_Plateau___Bingerville___B___JPK___HP_2019_11_11_19_54_58.gpx,2019-11-11
3147057,773_Plateau___Bingerville___B___JPK_2019_11_11_16_33_25.gpx,2019-11-11
3147056,773_Bingerville___Plateau___A__JPK__HP_2019_11_11_18_29_09.gpx,2019-11-11
3147340,771__Vridri_Ifran__Yopougon_Niangon_sud_a_droite__B___HP__ZB_2019_11_11_17_17_39.gpx,2019-11-11
3147339,771__Terminus_39__Vridi_ifran__A___HP__ZB_2019_11_11_06_38_57.gpx,2019-11-11
3146961,67_B_CN_hp__Gonzague_march__Treichville_2019_11_11_08_02_59.gpx,2019-11-11
3146960,67_A_CN_hp__march__Treichville_Gonzague_2019_11_11_06_50_21.gpx,2019-11-11
3146996,34___B___KKO___HP_2019_11_11_16_49_11.gpx,2019-11-11
3146997,34___A___KKO___HP_2019_11_11_18_00_06.gpx,2019-11-11
3146995,28___B___KKO__RIVIERA_2__2019_11_11_09_00_42.gpx,2019-11-11
3146994,28___A___KKO___HP___RIVIERA_2___2019_11_11_08_05_02.gpx,2019-11-11
3148182,211___B___LA___HP_2019_11_11_07_28_02.gpx,2019-11-11
3147027,21_B_KM_HP_2019_11_11_18_45_01.gpx,2019-11-11
3147025,21_A_KM_HP_2019_11_11_16_55_01.gpx,2019-11-11
3147108,17___Port_de_P_che___Anani___B___BKD___HP_2019_11_11_08_43_29.gpx,2019-11-11
3147109,17___Anani___Port_de_P_che___A___BKD___HP_2019_11_11_07_02_02.gpx,2019-11-11
3146698,15___A___CAM___HP_new_2019_11_11_07_43_10.gpx,2019-11-11
3145196,STL_B_KM_Koumassi_M_pouto_plateau_Treichville__2019_11_08_14_40_13.gpx,2019-11-08
3145194,STL_B_KM_Abobodoum__plateau_Treichville__2019_11_08_12_13_17.gpx,2019-11-08
3145195,STL_A_KM_Treichville_plateau_M_pouto_Koumassi___2019_11_08_12_46_33.gpx,2019-11-08
3145193,STL_A_KM_Treichville_plateau_abobodoum___2019_11_08_11_35_37.gpx,2019-11-08
3145191,86_B_KM_HP_2019_11_08_07_17_54.gpx,2019-11-08
3145190,86_A_KM_HP_2019_11_08_06_16_32.gpx,2019-11-08
3145153,772___B___LA_2019_11_08_08_16_19.gpx,2019-11-08
3145152,772___A___LA___HP_2019_11_08_06_20_32.gpx,2019-11-08
3145154,770___B___LA___HP_2019_11_08_17_32_06.gpx,2019-11-08
3145173,721_Chu_de_Treichville___Palmeraie___B___JPK___HP_2019_11_08_08_13_26.gpx,2019-11-08
3145174,721_Palmeraie___Chu_de_Treichville___A___JPK___HP_2019_11_08_07_02_43.gpx,2019-11-08
3145172,721_Palmeraie___Chu_de_Treichville___A___JPK_2019_11_08_16_32_24.gpx,2019-11-08
3145186,718__Gonzagville__Libert___B___HP__ZB_2019_11_08_08_44_35.gpx,2019-11-08
3145187,718__Libert___Gonzagville__HP__A__ZB_2019_11_08_07_35_33.gpx,2019-11-08
3145184,610__H_pital_bingerville_m_re_enfant__libert___B___HP__ZB_2019_11_08_19_58_17.gpx,2019-11-08
3145185,610__Libert___H_pital_mere_enfant_de_bingerville__A__HP___ZB_2019_11_08_16_50_19.gpx,2019-11-08
3145192,44___B___KKO___HP_2019_11_08_17_00_21.gpx,2019-11-08
3145197,36___A___KKO___HP_2019_11_08_19_15_17.gpx,2019-11-08
3145189,25___B___KKO___HP_2019_11_08_07_51_46.gpx,2019-11-08
3145188,25___A___KKO___HP_2019_11_08_06_44_00.gpx,2019-11-08
3145179,23___B___BKD__HP_2019_11_08_19_40_23.gpx,2019-11-08
3145180,23___A___BKD___HP_2019_11_08_20_27_03.gpx,2019-11-08
3144768,77___B___CAM___HP_2019_11_07_21_05_25.gpx,2019-11-07
3144653,77___A___CAM___HP_2019_11_07_20_05_53.gpx,2019-11-07
3144554,716_Rivera_palmeraie__Carrefour_de_Koumassi__B_ZB_2019_11_07_13_46_33.gpx,2019-11-07
3144553,716__Grand_carrefour_de_Koumassi__Carrefour_palmeraie__A__ZB_2019_11_07_12_27_38.gpx,2019-11-07
3144577,708_Gare_Sud___La_vie___B___JPK___HP_2019_11_07_08_04_33.gpx,2019-11-07
3144576,708___la_vie___gare_Sud___A___JPK___HP_2019_11_07_07_13_37.gpx,2019-11-07
3144578,705___Riviera_2___Angr__terminus_81_82__B__JPK___HP_2019_11_07_08_41_37.gpx,2019-11-07
3144580,705___Riviera_2___Angr__terminus_81_82__B__JPK_2019_11_07_09_51_57.gpx,2019-11-07
3144579,705___Angr__terminus_81_82___Riviera_2___A__JPK___HP_2019_11_07_08_57_58.gpx,2019-11-07
3164357,705___Angr__terminus_81_82___Riviera_2___A__JPK_2019_11_07_10_11_27.gpx,2019-11-07
3144581,705___Angr__terminus_81_82___Riviera_2___A__JPK_2019_11_07_10_11_27.gpx,2019-11-07
3144617,50_B_KM_HP_2019_11_07_18_36_00.gpx,2019-11-07
3144616,50_A_KM_HP_2019_11_07_17_11_12.gpx,2019-11-07
3144572,38___B___KKO___HP_2019_11_07_08_32_47.gpx,2019-11-07
3144570,38___A___KKO___HP_2019_11_07_07_29_57.gpx,2019-11-07
3144632,33___B___BKD___HP_2019_11_07_19_07_27.gpx,2019-11-07
3144628,33___A___BKD___HP_2019_11_07_17_29_38.gpx,2019-11-07
3144552,212__Yopougon_Niangon_sud_a_droite__Gare_sud__B___HP___ZB_2019_11_07_07_10_24.gpx,2019-11-07
3144569,211___A___LA___HP_2019_11_07_16_56_02.gpx,2019-11-07
3144568,201___A___LA___HP_2019_11_07_07_12_09.gpx,2019-11-07
3144543,19_B_CN_hp__vridi_iran__gare_nord_2019_11_08_06_12_22.gpx,2019-11-07
3144582,19_A_CN_hp_gare_nord__vridi_iran_2019_11_08_04_48_32.gpx,2019-11-07
3144575,19_A_CN_hp_gare_nord__vridi_iran_2019_11_08_04_48_32.gpx,2019-11-07
3144542,19_A_CN_hp_gare_nord__vridi_iran_2019_11_08_04_48_32.gpx,2019-11-07
3144574,18___B___KKO___HP_2019_11_07_18_23_14.gpx,2019-11-07
3144573,18___A___KKO___HP_2019_11_07_17_00_04.gpx,2019-11-07
3144647,15___A___CAM___HP_2019_11_07_17_41_04.gpx,2019-11-07
3144613,13_B_KM_HP_Gare_Koumassi__2019_11_07_06_53_00.gpx,2019-11-07
3144614,13_B_KM_HP_Koumassi_Hopital__2019_11_07_08_35_34.gpx,2019-11-07
3144607,13_A_KM_HP_Gare_Koumassi__2019_11_07_05_50_09.gpx,2019-11-07
3144615,13_A_KM_Koumassi_hopital__2019_11_07_09_32_12.gpx,2019-11-07
3144561,12_B_CN_hp__port_Bouet_phare__gare_nord_2019_11_08_17_05_13.gpx,2019-11-07
3144567,12_A_CN_hp_gare_nord__port_Bouet_phare_2019_11_08_15_23_54.gpx,2019-11-07
3144560,12_A_CN_hp_gare_nord__port_Bouet_phare_2019_11_08_15_23_54.gpx,2019-11-07
3144556,06__a_roport_Fhb___gare_sud__B__HP__ZB_2019_11_07_18_31_14.gpx,2019-11-07
3144555,06__Gare_sud__a_roport_Fhb__A__HP__ZB_2019_11_07_16_40_57.gpx,2019-11-07
3143517,83_B_KM_HP_Rivera_2__2019_11_05_07_26_32.gpx,2019-11-05
3143516,83_A_KM_HP_Rivera_2__2019_11_05_06_26_02.gpx,2019-11-05
3143560,770___B___LA_2019_11_05_16_35_08.gpx,2019-11-05
3143561,770___A___LA___HP_2019_11_05_18_27_22.gpx,2019-11-05
3143592,726_B_CN_hp__gare_sud___terminus_amondji_2019_11_05_16_57_50.gpx,2019-11-05
3143549,726_A_CN_hp__terminus_amondji___gare_sud_2019_11_05_08_03_44.gpx,2019-11-05
3143480,717___B___BKD_2019_11_05_16_02_40.gpx,2019-11-05
3143485,717___B___BKD___HP_2019_11_05_07_51_37.gpx,2019-11-05
3143484,717___A___BKD_2019_11_05_08_39_32.gpx,2019-11-05
3143487,717___A___BKD___HP_2019_11_05_06_23_51.gpx,2019-11-05
3143559,713___B___LA___HP_2019_11_05_07_10_00.gpx,2019-11-05
3143558,713___A___LA___HP_2019_11_05_06_07_27.gpx,2019-11-05
3143529,710_la_vie___kess____B___JPK_2019_11_05_15_53_39.gpx,2019-11-05
3143528,710_Kess____la_Vie___A___JPK_2019_11_05_16_45_28.gpx,2019-11-05
3143531,701___B___JPK___HP_2019_11_05_07_52_26.gpx,2019-11-05
3143530,701___A___JPK___HP_2019_11_05_08_30_02.gpx,2019-11-05
3143556,616_A_CN_terminus_abbata__gare_nord_2019_11_05_13_13_02.gpx,2019-11-05
3143563,61___B___CAM___HP_2019_11_05_18_17_25.gpx,2019-11-05
3143521,59_B_KM_HP_2019_11_05_18_31_22.gpx,2019-11-05
3143520,59_A_KM_HP_2019_11_05_17_02_35.gpx,2019-11-05
3143564,52___B___CAM_2019_11_05_11_33_29.gpx,2019-11-05
3143565,51___B___CAM___HP_2019_11_05_08_54_50.gpx,2019-11-05
3143567,51___A___CAM___HP_2019_11_05_07_16_33.gpx,2019-11-05
3143519,50_B_KM_2019_11_05_10_20_38.gpx,2019-11-05
3143518,50_A_KM_2019_11_05_09_01_39.gpx,2019-11-05
3143645,29_B_CN_hp_derri_re_warf___gare_nord_2019_11_05_19_32_24.gpx,2019-11-05
3143616,29_A_CN_hp_gare_nord__derri_re_warf_2019_11_05_18_36_22.gpx,2019-11-05
3143489,28___B___KKO___HP__M_pouto__2019_11_05_08_23_02.gpx,2019-11-05
3144571,28___A___KKO___HP__M_pouto__2019_11_05_06_56_28.gpx,2019-11-05
3144550,212__Niangon_sud_a_droite__Gare_sud__B__ZB_2019_11_05_15_42_52.gpx,2019-11-05
3143615,212__Gare_sud___Yopougon_Niangon_sud_a_droite__A__ZB_2019_11_05_14_29_24.gpx,2019-11-05
3144551,212__Gare_sud__Niangon_sud_a_droite__HP__A__ZB_2019_11_05_18_33_01.gpx,2019-11-05
3143604,210__Les_rosiers__Gare_sud__HP__B__ZB_2019_11_05_09_07_32.gpx,2019-11-05
3143493,210___B___KKO_2019_11_05_14_37_49.gpx,2019-11-05
3143614,210__les_rosiers__Gare_sud___B___ZB_2019_11_05_12_40_10.gpx,2019-11-05
3143606,210__Gare_sud___Les_rosiers__A_ZB_2019_11_05_11_39_06.gpx,2019-11-05
3143492,210___A___KKO_2019_11_05_13_47_22.gpx,2019-11-05
3143603,210__Gare_sud__Les_rosiers__A__HP__ZB_2019_11_05_07_50_34.gpx,2019-11-05
3143547,206_B_CN_hp_h_tel_de_ville__st_Andr__2019_11_05_07_15_14.gpx,2019-11-05
3143538,206_A_CN_hp__st_Andr___h_tel_de_ville_2019_11_05_06_14_31.gpx,2019-11-05
3143495,18___B___KKO_2019_11_05_16_31_07.gpx,2019-11-05
3143494,18___A___KKO_2019_11_05_15_38_30.gpx,2019-11-05
3143491,06___B___KKO_2019_11_05_12_19_56.gpx,2019-11-05
3143490,06___A___KKO_2019_11_05_10_29_50.gpx,2019-11-05
3143086,83_B_KM_HP_Ecole_de_police__2019_11_04_20_01_42.gpx,2019-11-04
3143087,83_A_KM_HP_Ecole_de_police__2019_11_04_20_29_58.gpx,2019-11-04
3143177,770___A___LA_2019_11_04_09_39_54.gpx,2019-11-04
3143085,721_A_KM_2019_11_04_16_18_53.gpx,2019-11-04
3143057,716__Rivera_palmeraie__Grand_carrefour_de_Koumassi____B__HP_ZB_2019_11_04_17_44_00.gpx,2019-11-04
3143058,716__Grand_carrefour_de_Koumassi___Rivera_palmeraie___ZB___A__HP_2019_11_04_16_15_19.gpx,2019-11-04
3143060,715__Aghien_2_plateau__Grand_carrefour_de_Koumass___B___ZB_2019_11_04_14_49_08.gpx,2019-11-04
3143065,715__Aghien_2_Plateau__Carrefour_Koumassi__ZB___HP__B_2019_11_04_20_56_07.gpx,2019-11-04
3143061,715_Grand_carrefour_de_Koumassi__Aghien_2_plateau___ZB__A_2019_11_04_13_08_50.gpx,2019-11-04
3143056,715__Carrefour_de_Koumassi__Aghien_2_plateau___ZB___A__HP_2019_11_04_19_57_05.gpx,2019-11-04
3143062,712_Grand_carrefour_de_Koumassi__Amondji__Hp__B__ZB_2019_11_04_08_33_09.gpx,2019-11-04
3143063,712_Amondji__Grand_carrefour_de_Koumassi___A__hp___ZB_2019_11_04_07_10_39.gpx,2019-11-04
3143028,710_Abatta___B___JPK___HP_2019_11_04_07_33_56.gpx,2019-11-04
3143027,710_Abatta___La_vie___A___JPK___HP_2019_11_04_08_16_01.gpx,2019-11-04
3143026,701___B___JPK_2019_11_04_10_35_56.gpx,2019-11-04
3143025,701___A___JPK_2019_11_04_11_24_17.gpx,2019-11-04
3143015,503_B_CN_gare_lagunaire_plateau__gare_lagunaire_abobodoum__2019_11_04_12_08_03.gpx,2019-11-04
3143034,503_B_CN_hp_gare_lagunaire_plateau__gare_lagunaire_abobodoum__2019_11_04_19_43_12.gpx,2019-11-04
3143013,503_A_CN_gare_lagunaire_abobodoume__gare_lagunaire_plateau_2019_11_04_11_04_48.gpx,2019-11-04
3143033,503_A_CN_hp__gare_lagunaire_abobodoum____gare_lagunaire_plateau_2019_11_04_19_24_56.gpx,2019-11-04
3143019,502_B_CN__gare_lagunaire_blockoss___gare_lagunaire_Treichville_2019_11_04_14_32_14.gpx,2019-11-04
3143030,502_B_CN_hp__gare_lagunaire_blockoss__gare_lagunaire_Treichville_2019_11_04_17_19_04.gpx,2019-11-04
3143018,502_A_CN_gare_lagunaire_Treichville__gare_lagunaire_blockoss_2019_11_04_14_02_08.gpx,2019-11-04
3143029,502_A_CN_hp__gare_lagunaire_Treichville__gare_lagunaire_blockoss_2019_11_04_16_03_24.gpx,2019-11-04
3143032,501_B_CN_hp_gare_lagunaire_Treichville___gare_lagunaire_abobodoum__2019_11_04_18_00_47.gpx,2019-11-04
3143017,501_B_CN__gare_lagunaire_Treichville__gare_lagunaire_abobodoum__2019_11_04_13_05_22.gpx,2019-11-04
3143016,501_A_CN__gare_lagunaire_abobodoum___gare_lagunaire_Treichville_2019_11_04_12_44_10.gpx,2019-11-04
3143031,501_A_CN_hp__gare_lagunaire_abobodoum____gare_lagunaire_Treichville_2019_11_04_18_21_21.gpx,2019-11-04
3143179,49___B___LA___Normal_2019_11_04_13_00_49.gpx,2019-11-04
3143023,48___Abobo_gendarmerie____Saint_Jean___B___JPK___2019_11_04_16_44_05.gpx,2019-11-04
3143024,48___Saint_Jean___Abobo_gendarmerie__A__JPK_2019_11_04_16_17_08.gpx,2019-11-04
3143091,46___B___KKO___HP_2019_11_04_06_54_53.gpx,2019-11-04
3143092,46___A___KKO___HP_2019_11_04_08_29_45.gpx,2019-11-04
3143082,41_B_KM_HP_2019_11_04_07_45_28.gpx,2019-11-04
3143081,41_A_KM_HP_2019_11_04_06_04_30.gpx,2019-11-04
3143094,34___B___KKO_2019_11_04_11_47_57.gpx,2019-11-04
3143093,34___A___KKO_2019_11_04_11_01_30.gpx,2019-11-04
3143054,32___B___BKD___HP_2019_11_04_06_58_57.gpx,2019-11-04
3143074,32___A___BKD___HP_2019_11_04_05_47_46.gpx,2019-11-04
3143097,28___B___KKO__RIVIERA_2__2019_11_04_16_23_22.gpx,2019-11-04
3143099,28___A___KKO___HP__RIVIERA_2__2019_11_04_17_56_56.gpx,2019-11-04
3143096,211___B___KKO__GONZACQUEVILLE__2019_11_04_14_11_55.gpx,2019-11-04
3143095,211___A___KKO__GONZACQUEVILLE__2019_11_04_12_55_44.gpx,2019-11-04
3143084,21_B_KM_2019_11_04_13_29_30.gpx,2019-11-04
3143083,21_A_KM_2019_11_04_11_14_04.gpx,2019-11-04
3143181,203___A___LA___HP_2019_11_04_17_02_58.gpx,2019-11-04
3143180,201___A___LA_2019_11_04_15_01_59.gpx,2019-11-04
3143048,13___B___BKD___HP_2019_11_04_20_27_07.gpx,2019-11-04
3143051,13___A___BKD__HP_2019_11_04_19_21_02.gpx,2019-11-04
3141006,78_B_CN_hp__terminus_n_badon__gare_nord_2019_10_31_18_26_57.gpx,2019-10-31
3141007,78_A_CN_hp___gare_nord___terminus_n_badon_2019_10_31_17_01_35.gpx,2019-10-31
3140649,77___B___CAM_2019_10_31_12_46_07.gpx,2019-10-31
3140648,77___A___CAM_2019_10_31_11_51_30.gpx,2019-10-31
3140490,68___B___BKD___HP_2019_10_31_16_50_19.gpx,2019-10-31
3140499,68___B___BKD_2019_10_31_14_16_28.gpx,2019-10-31
3140487,68____A___BKD___HP_2019_10_31_17_48_59.gpx,2019-10-31
3140497,68___A___BKD_2019_10_31_15_11_22.gpx,2019-10-31
3140573,67___B___KKO___HP__ANANI__2019_10_31_08_48_19.gpx,2019-10-31
3140577,67___B___KKO__ANANI__2019_10_31_15_01_37.gpx,2019-10-31
3140574,67___A___KKO___ANANI__2019_10_31_10_34_21.gpx,2019-10-31
3140572,67___A___KKO___HP___ANANI__2019_10_31_07_39_06.gpx,2019-10-31
3141004,616_B_CN_hp__gare_nord___terminus_abbata_2019_10_31_20_11_26.gpx,2019-10-31
3140647,61___B___CAM_2019_10_31_09_14_03.gpx,2019-10-31
3140646,61___A___CAM___HP_2019_10_31_07_46_04.gpx,2019-10-31
3140537,53___Gonzague___Chu___B___JPK_2019_10_31_11_18_53.gpx,2019-10-31
3140535,53_Gonzague___Chu__B__JPK___HP_2019_10_31_08_21_39.gpx,2019-10-31
3140538,53___Chu___Vridi_Cit____B___JPK_2019_10_31_15_01_28.gpx,2019-10-31
3140540,53___Chu___Vridi_Cit____B__JPK___HP_2019_10_31_17_31_46.gpx,2019-10-31
3140536,53_Chu___Gonzague___A___JPK_2019_10_31_09_55_15.gpx,2019-10-31
3140533,53_Chu___Gonzague__A___JPK___HP_2019_10_31_07_14_00.gpx,2019-10-31
3140539,53___Vridi_Cit____chu__A__JPK_2019_10_31_16_29_53.gpx,2019-10-31
3140654,52___B___CAM___HP_2019_10_31_18_34_26.gpx,2019-10-31
3140653,52___A___CAM___HP_2019_10_31_17_29_43.gpx,2019-10-31
3140652,52___A___CAM_2019_10_31_16_32_42.gpx,2019-10-31
3140651,51___B___CAM_2019_10_31_15_26_20.gpx,2019-10-31
3140650,51___A___CAM_2019_10_31_14_02_30.gpx,2019-10-31
3141012,35_B_CN__hp__gobelet__gare_nord_2019_10_31_07_53_10.gpx,2019-10-31
3141011,35_A_CN_hp__gare_nord_gob_l__2019_10_31_07_01_37.gpx,2019-10-31
3141015,29_B_CN__derri_re_warf__gare_nord_2019_10_31_12_40_48.gpx,2019-10-31
3141013,29_A_CN._directe__gare_nord__derri_re_warf_2019_10_31_10_27_27.gpx,2019-10-31
3140482,26___B___BKD___HP_2019_10_31_19_56_46.gpx,2019-10-31
3140486,26___A___BKD___HP_2019_10_31_18_50_07.gpx,2019-10-31
3140578,205___A___KKO___HP_2019_10_31_17_10_55.gpx,2019-10-31
3140672,203___B___LA___HP_2019_10_31_07_33_29.gpx,2019-10-31
3140677,201___B___LA___HP_2019_10_31_17_26_31.gpx,2019-10-31
3140676,201___B___LA_2019_10_31_14_09_16.gpx,2019-10-31
3140673,201___B___LA_2019_10_31_09_28_20.gpx,2019-10-31
3140575,17___B___KKO_2019_10_31_12_04_16.gpx,2019-10-31
3140576,17___A___KKO_2019_10_31_13_32_24.gpx,2019-10-31
3140674,15___B___LA_2019_10_31_12_08_57.gpx,2019-10-31
3140505,03___B___BKD___HP_2019_10_31_08_09_26.gpx,2019-10-31
3140500,03___B___BKD_2019_10_31_11_41_37.gpx,2019-10-31
3140506,03___A___BKD___HP_2019_10_31_06_39_56.gpx,2019-10-31
3140504,03___A___BKD_2019_10_31_09_45_13.gpx,2019-10-31
3139690,87___B___JPK___HP_2019_10_30_07_38_00.gpx,2019-10-30
3139689,87___A___JPK___HP_2019_10_30_06_58_35.gpx,2019-10-30
3139749,78_B_CN_gare_nord_n_pouto_2019_10_30_13_33_39.gpx,2019-10-30
3139750,78_A_CN_terminus_n_pouto_gare_nord_2019_10_30_14_55_16.gpx,2019-10-30
3139767,77___B___LA___HP_2019_10_30_19_18_16.gpx,2019-10-30
3139763,77___B___LA_2019_10_30_14_12_59.gpx,2019-10-30
3139761,77___A___LA_2019_10_30_12_53_19.gpx,2019-10-30
3139764,77___A___LA___HP_2019_10_30_17_58_23.gpx,2019-10-30
3139699,710_la_vie___kess____B___JPK___HP_2019_10_30_17_00_54.gpx,2019-10-30
3139700,710_Kess____la_Vie___A___JPK_2019_10_30_17_53_51.gpx,2019-10-30
3139693,708___plateau___la_vie___B___JPK_2019_10_30_09_43_03.gpx,2019-10-30
3139692,708___La_vie___plateau___A___JPK_2019_10_30_09_06_16.gpx,2019-10-30
3139691,704___Dokoui___A___JPK_2019_10_30_12_28_42.gpx,2019-10-30
3139704,67___B___KKO_2019_10_30_11_05_31.gpx,2019-10-30
3139703,67___A___KKO_2019_10_30_10_04_10.gpx,2019-10-30
3139751,616_B_CN__gare_nord___terminus_abbata_2019_10_30_16_04_57.gpx,2019-10-30
3139752,616_A_CN_hp__terminus_abbata__gare_nord_2019_10_30_17_19_12.gpx,2019-10-30
3139759,45___B___LA___HP_2019_10_30_06_17_27.gpx,2019-10-30
3139760,45___A___LA___HP_2019_10_30_07_22_20.gpx,2019-10-30
3139702,37___B___KKO___HP_2019_10_30_07_10_14.gpx,2019-10-30
3139709,37___A___KKO___HP_2019_10_30_17_57_25.gpx,2019-10-30
3139778,31___B___BKD_2019_10_30_19_58_55.gpx,2019-10-30
3139782,31___B___BKD___HP_2019_10_30_16_24_55.gpx,2019-10-30
3139785,31___A___BKD_2019_10_30_15_13_39.gpx,2019-10-30
3139779,31___A___BKD___HP_2019_10_30_19_01_29.gpx,2019-10-30
3139708,28___B___KKO___HP_2019_10_30_16_48_59.gpx,2019-10-30
3139707,28___A___KKO_2019_10_30_15_46_05.gpx,2019-10-30
3139795,24___B___BKD___HP_2019_10_30_07_06_15.gpx,2019-10-30
3139793,24___A___BKD___HP_2019_10_30_08_32_33.gpx,2019-10-30
3139706,205___B___KKO_2019_10_30_14_44_44.gpx,2019-10-30
3139705,205___A___KKO_2019_10_30_13_43_04.gpx,2019-10-30
3139747,12_B_CN__phare_port_Bouet__gare_nord_2019_10_30_10_53_37.gpx,2019-10-30
3139746,12_A_CN_direct_gare_nord_port_Bouet_phare_2019_10_30_09_51_07.gpx,2019-10-30
3139787,05___B___BKD_2019_10_30_11_11_09.gpx,2019-10-30
3139790,05___A___BKD_2019_10_30_09_35_26.gpx,2019-10-30
3139745,81_B_CN_hp__terminus_81_gare_nord_2019_10_29_19_02_15.gpx,2019-10-29
3139743,81_B_CN__terminus_81_gare_nord_2019_10_29_14_15_00.gpx,2019-10-29
3139742,81_A_CN_gare_nord__terminus_81_2019_10_29_12_46_07.gpx,2019-10-29
3139744,81_A_CN_hp_gare_nord__terminus_81_2019_10_29_16_59_46.gpx,2019-10-29
3139204,76___B___LA_2019_10_29_11_05_32.gpx,2019-10-29
3139202,76___B___LA___HP_2019_10_29_08_18_36.gpx,2019-10-29
3139201,76___A___LA___HP_2019_10_29_06_51_44.gpx,2019-10-29
3139203,76___A___LA_2019_10_29_09_23_52.gpx,2019-10-29
3139688,704___Dokoui___B___JPK_2019_10_29_11_35_22.gpx,2019-10-29
3139147,704___B___JPK___HP_2019_10_29_07_01_13.gpx,2019-10-29
3139148,704___A__JPK___HP_2019_10_29_07_26_03.gpx,2019-10-29
3139154,702__B___JPK__HP_2019_10_29_17_00_07.gpx,2019-10-29
3139153,702___B___JPK_2019_10_29_16_28_22.gpx,2019-10-29
3139152,702___A___JPK_2019_10_29_15_57_55.gpx,2019-10-29
3139155,702___A___JPK___HP_2019_10_29_17_35_08.gpx,2019-10-29
3139803,613___A___LA_2019_10_29_11_17_57.gpx,2019-10-29
3139804,611___B___LA_2019_10_29_13_11_38.gpx,2019-10-29
3139151,48___Abobo_gendarmerie___Cocody_Saint_Jean___JPK___HP_2019_10_29_08_58_01.gpx,2019-10-29
3139150,48___Saint_Jean___Abobo_gendarmerie___JPK___HP_2019_10_29_08_24_06.gpx,2019-10-29
3139741,35_B_CN_Gob_l__gare_nord_2019_10_29_10_53_25.gpx,2019-10-29
3139739,35_A_CN_gare_nord_gob_l__2019_10_29_09_28_31.gpx,2019-10-29
3139386,33___B___BKD_2019_10_29_11_32_50.gpx,2019-10-29
3139387,33___A___BKD_2019_10_29_09_46_29.gpx,2019-10-29
3139383,32___B___BKD_2019_10_29_14_59_51.gpx,2019-10-29
3139384,32___A___BKD_2019_10_29_13_06_28.gpx,2019-10-29
3139227,28___B___KKO_2019_10_29_11_09_58.gpx,2019-10-29
3139226,28___A___KKO_2019_10_29_09_43_22.gpx,2019-10-29
3139229,25___B___KKO_2019_10_29_14_15_01.gpx,2019-10-29
3139228,25___A___KKO_2019_10_29_12_53_22.gpx,2019-10-29
3139259,22___B___KKO___HP_2019_10_29_07_42_42.gpx,2019-10-29
3139224,22___A___KKO___HP_2019_10_29_06_48_32.gpx,2019-10-29
3139388,11___B___BKD___HP_2019_10_29_08_37_50.gpx,2019-10-29
3139390,11___A___BKD___HP_2019_10_29_07_20_31.gpx,2019-10-29
3139231,10___B___KKO___HP_2019_10_29_18_25_19.gpx,2019-10-29
3139230,10___A___KKO___HP_2019_10_29_17_34_36.gpx,2019-10-29
3139208,08___B___LA___HP_2019_10_29_18_19_38.gpx,2019-10-29
3139206,08___B___LA_2019_10_29_16_05_56.gpx,2019-10-29
3139207,08___A___LA___HP_2019_10_29_17_12_57.gpx,2019-10-29
3139205,08___A___LA_2019_10_29_15_09_10.gpx,2019-10-29
3138581,87_B___JPK_2019_10_28_13_54_35.gpx,2019-10-28
3138580,87___A___JPK_2019_10_28_12_52_04.gpx,2019-10-28
3138605,82___B___KKO_2019_10_28_09_41_04.gpx,2019-10-28
3138611,82___B___KKO___HP_2019_10_28_17_43_37.gpx,2019-10-28
3138610,82___A___KKO_2019_10_28_16_00_31.gpx,2019-10-28
3138604,82___A___KKO___HP_2019_10_28_08_25_56.gpx,2019-10-28
3138629,75___B___LA___HP_2019_10_28_18_20_21.gpx,2019-10-28
3138627,75___B___LA_2019_10_28_12_39_01.gpx,2019-10-28
3138626,75___A___LA_2019_10_28_11_30_05.gpx,2019-10-28
3138628,75___A___LA___HP_2019_10_28_17_25_06.gpx,2019-10-28
3138548,719_B_CN_hp__terminus_81_82_terminus_st_Andr__2019_10_28_08_03_06.gpx,2019-10-28
3138545,719_A_CN_hp_terminus_st_Andr___terminus_81_82_2019_10_28_06_51_54.gpx,2019-10-28
3138578,710__B___JPK_2019_10_28_10_15_17.gpx,2019-10-28
3138577,710__B___JPK_2019_10_28_10_15_17.gpx,2019-10-28
3138579,710___A___JPK_2019_10_28_11_11_37.gpx,2019-10-28
3138582,704___B___JPK_2019_10_28_14_57_33.gpx,2019-10-28
3138575,704_chateau__B___JPK___HP_2019_10_28_07_21_18.gpx,2019-10-28
3138576,704__Ch_teau__A__JPK___HP_2019_10_28_08_07_45.gpx,2019-10-28
3138631,56___B___BKD___HP_2019_10_28_19_11_56.gpx,2019-10-28
3138634,56___B___BKD_2019_10_28_10_26_34.gpx,2019-10-28
3138639,56___A___BKD_2019_10_28_09_13_24.gpx,2019-10-28
3138632,56___A___BKD___HP_2019_10_28_17_58_20.gpx,2019-10-28
3138556,46_B_CN_cit__administrative_terminus_46_2019_10_28_13_03_06.gpx,2019-10-28
3138553,46_A_CN_terminus_46_cit__administrative_2019_10_28_11_53_09.gpx,2019-10-28
3138607,37___B___KKO_2019_10_28_12_42_17.gpx,2019-10-28
3138606,37___A___KKO_2019_10_28_11_21_30.gpx,2019-10-28
3138603,209___B___KKO___HP_2019_10_28_06_36_43.gpx,2019-10-28
3138612,209___A___KKO___HP_2019_10_28_19_01_01.gpx,2019-10-28
3138569,19_B_CN_hp__vridi_iran___gare_nord_2019_10_28_16_30_30.gpx,2019-10-28
3138560,19_A_CN_gare_nord___vridi_iran_2019_10_28_14_47_04.gpx,2019-10-28
3138625,16___B___LA_2019_10_28_10_25_00.gpx,2019-10-28
3138623,16___B___LA___HP_2019_10_28_08_21_54.gpx,2019-10-28
3138622,16___A___LA___HP_2019_10_28_07_00_12.gpx,2019-10-28
3138624,16___A___LA_2019_10_28_09_13_52.gpx,2019-10-28
3138609,10___B___KKO_2019_10_28_15_08_45.gpx,2019-10-28
3138608,10___A___KKO_2019_10_28_14_11_18.gpx,2019-10-28
3138640,05___B___BKD___HP_2019_10_28_08_02_21.gpx,2019-10-28
3138641,05___A__BKD___HP_2019_10_28_06_40_35.gpx,2019-10-28
3136048,92___B___BKD___HP_2019_10_24_08_11_48.gpx,2019-10-24
3136047,92___A___BKD___HP_2019_10_24_06_40_46.gpx,2019-10-24
3135861,91_B_KM_HP_2019_10_24_07_51_04.gpx,2019-10-24
3135860,91_A_KM_HP_2019_10_24_07_18_40.gpx,2019-10-24
3135865,83_B_KM_2019_10_24_11_19_11.gpx,2019-10-24
3135863,83_B_KM_2019_10_24_09_48_37.gpx,2019-10-24
3135864,83_A_KM_2019_10_24_10_28_31.gpx,2019-10-24
3135862,83_A_KM_2019_10_24_08_48_14.gpx,2019-10-24
3135915,80___B___LA_2019_10_24_16_11_18.gpx,2019-10-24
3135917,80___B___LA___HP_2019_10_24_18_40_05.gpx,2019-10-24
3135916,80___A___LA___HP_2019_10_24_17_22_54.gpx,2019-10-24
3135914,80___A___LA_2019_10_24_15_21_29.gpx,2019-10-24
3135845,729___B___KKO_2019_10_24_09_35_23.gpx,2019-10-24
3135844,729___A___KKO___HP_2019_10_24_08_28_03.gpx,2019-10-24
3135871,727_B_JPK_HP_2019_10_24_06_05_44.gpx,2019-10-24
3135872,727_A_JPK_HP_2019_10_24_06_43_56.gpx,2019-10-24
3135797,726_B_CN_gare_sud_terminus_amondji_2019_10_24_11_42_51.gpx,2019-10-24
3135796,726_A_CN_terminus_amondji__gare_sud_2019_10_24_10_30_11.gpx,2019-10-24
3135795,720_B_CN_hp__rond_point_palmeraie__terminus_st_Andr__2019_10_24_08_53_42.gpx,2019-10-24
3135794,720_A_CN_hp__terminus_st_Andr___rond_point_palmeraie_2019_10_24_07_34_11.gpx,2019-10-24
3135837,712__Grand_Carrefour_de_Koumassi___Amondji___B__ZB_2019_10_24_12_55_50.gpx,2019-10-24
3135835,712___grand_Carrefour_Koumassi___Saint_Andr___B___HP__ZB_2019_10_24_08_13_25.gpx,2019-10-24
3135834,712__Amondji___Grand_carrefour_de_koumassi____A___ZB_2019_10_24_10_31_36.gpx,2019-10-24
3135836,712__Saint_Andr___Grand_carrefour_de_Koumassi___A__HP__ZB_2019_10_24_06_47_35.gpx,2019-10-24
3135874,704__Ch_teau_d_eau__B__JPK_2019_10_24_09_58_06.gpx,2019-10-24
3135873,704_A_JPK_HP_2019_10_24_08_51_38.gpx,2019-10-24
3135875,704__Ch_teau_d_eau__A__JPK_2019_10_24_10_38_59.gpx,2019-10-24
3135913,61___B___LA_2019_10_24_10_12_23.gpx,2019-10-24
3135912,61___A___LA_2019_10_24_09_07_56.gpx,2019-10-24
3135911,60___B___LA___HP_2019_10_24_07_31_48.gpx,2019-10-24
3135910,60___A___LA___HP_2019_10_24_06_36_05.gpx,2019-10-24
3135859,58_B_KM_HP_2019_10_24_06_35_27.gpx,2019-10-24
3135858,58_A_KM_HP_2019_10_24_05_56_09.gpx,2019-10-24
3135843,38___A___KKO___HP_2019_10_24_06_19_15.gpx,2019-10-24
3136049,23___B___BKD_2019_10_24_10_05_20.gpx,2019-10-24
3136050,23___A___BKD_2019_10_24_11_20_00.gpx,2019-10-24
3135846,209___B___KKO_2019_10_24_16_08_58.gpx,2019-10-24
3135847,209___A___KKO_2019_10_24_16_36_05.gpx,2019-10-24
3135254,94___JPK___B___HP_2019_10_23_07_22_09.gpx,2019-10-23
3135253,94___A___JPK___HP_2019_10_23_06_16_17.gpx,2019-10-23
3135464,92___B___BKD_2019_10_23_14_43_52.gpx,2019-10-23
3135465,92___A___BKD_2019_10_23_13_47_55.gpx,2019-10-23
3135257,727___B___JPK_2019_10_23_10_53_08.gpx,2019-10-23
3135258,727___A___JPK_2019_10_23_11_30_15.gpx,2019-10-23
3135273,720__Rivera_palmeraie__Saint_Andr___B__ZB_2019_10_23_13_32_57.gpx,2019-10-23
3135274,720__Saint_Andr___Rivera_palmeraie__A___ZB_2019_10_23_12_52_17.gpx,2019-10-23
3135276,719__Angre_terminus_81_82__Saint_Andr___B__ZB_2019_10_23_11_22_07.gpx,2019-10-23
3135277,719__St_Andr___Angre_terminus_81_82__A___ZB_2019_10_23_10_08_13.gpx,2019-10-23
3135250,718_B_KM_2019_10_23_12_51_09.gpx,2019-10-23
3135249,718_A_KM_2019_10_23_10_45_55.gpx,2019-10-23
3135288,712_A_CN_carrefour_koumassi__yopougon_st_Andr__2019_10_23_14_29_13.gpx,2019-10-23
3135287,712_A_CN_yopougon_st_Andr__carrefour_koumassi_2019_10_23_13_25_51.gpx,2019-10-23
3135255,704___B___JPK__HP_2019_10_23_08_24_52.gpx,2019-10-23
3135256,704___A___JPK_2019_10_23_09_15_32.gpx,2019-10-23
3135381,611___B___LA___HP_2019_10_23_18_25_41.gpx,2019-10-23
3135360,611___B___LA_2019_10_23_10_01_10.gpx,2019-10-23
3135338,611___A___LA_2019_10_23_08_48_22.gpx,2019-10-23
3135380,611___A___LA___HP_2019_10_23_17_20_54.gpx,2019-10-23
3135378,60___B___LA_2019_10_23_13_20_24.gpx,2019-10-23
3135374,60___A___LA_2019_10_23_11_53_30.gpx,2019-10-23
3135252,59_B_KM_2019_10_23_15_14_30.gpx,2019-10-23
3135251,59_A_KM_2019_10_23_14_15_38.gpx,2019-10-23
3135336,54___B___LA___HP_2019_10_23_07_19_27.gpx,2019-10-23
3135335,54___A___LA___HP_2019_10_23_06_03_49.gpx,2019-10-23
3135292,47___B___KKO___7H_28mn_2019_10_23_07_11_50.gpx,2019-10-23
3135291,47___A___KKO___6H_26mn_2019_10_23_06_24_32.gpx,2019-10-23
3135293,44___A___KKO___8H_12mn_2019_10_23_08_10_57.gpx,2019-10-23
3135290,43_B_CN_hp_gare_nord_yopougon_koute_2019_10_23_17_14_40.gpx,2019-10-23
3135289,43_A_CN_hp_yopougon_koute_gare_nord_2019_10_23_16_37_43.gpx,2019-10-23
3135298,42___B___KKO___17H_40mn_2019_10_23_17_40_36.gpx,2019-10-23
3135297,42___A___KKO___17H_04mn_2019_10_23_17_04_24.gpx,2019-10-23
3135284,40_B_CN_hp_gare_sud__yopougon_kout__2019_10_23_08_14_47.gpx,2019-10-23
3135283,40_A_CN_hp_yopougon_kout___gare_sud_2019_10_23_07_09_40.gpx,2019-10-23
3135294,36___B___KKO_2019_10_23_09_39_26.gpx,2019-10-23
3135281,30__Terminus_40___Gare_sud___B___HP__ZB_2019_10_23_06_54_05.gpx,2019-10-23
3135278,30__Gare_sud___Terminus_40___A___HP___ZB_2019_10_23_08_21_12.gpx,2019-10-23
3135467,24___B___BKD_2019_10_23_11_57_48.gpx,2019-10-23
3135468,24___A____BKD_2019_10_23_10_46_36.gpx,2019-10-23
3135296,22___B___KKO_2019_10_23_10_31_37.gpx,2019-10-23
3135295,22___A___KKO_2019_10_23_11_41_52.gpx,2019-10-23
3135286,206_B_CN_h_tel_de_ville_st_Andr__2019_10_23_11_02_17.gpx,2019-10-23
3135272,206__Yopougon_Koute__Hotel_de_ville__HP__B___ZB_2019_10_23_16_44_29.gpx,2019-10-23
3135271,206__H_tel_de_ville__Yopougon_Koute__HP__A__ZB_2019_10_23_17_23_35.gpx,2019-10-23
3135285,206_A_CN_st_Andr__h_tel_de_ville_2019_10_23_10_09_36.gpx,2019-10-23
3135248,13_B_KM_2019_10_23_09_00_11.gpx,2019-10-23
3135246,13_A_KM_HP_2019_10_23_07_59_20.gpx,2019-10-23
3135245,11_B_KM_HP_2019_10_23_06_44_10.gpx,2019-10-23
3135244,11_A_KM_HP_2019_10_23_06_03_47.gpx,2019-10-23
3135469,04___B___BKD___HP_2019_10_23_07_50_22.gpx,2019-10-23
3135470,04___A___BKD___HP_2019_10_23_06_44_08.gpx,2019-10-23
3134558,85_B_CN_hp_campus_cocody_yopougon_kout__2019_10_22_08_35_50.gpx,2019-10-22
3134557,85_A_CN_hp_yopougon_kout__campus_cocody_2019_10_22_07_12_24.gpx,2019-10-22
3134594,84___B___JPK___HP_2019_10_22_08_10_01.gpx,2019-10-22
3134593,84___A___JPK___HP_2019_10_22_08_55_05.gpx,2019-10-22
3134656,79___B___LA___HP_2019_10_22_18_08_48.gpx,2019-10-22
3134653,79___A___LA___HP_2019_10_22_17_04_20.gpx,2019-10-22
3134592,64___B___JPK_2019_10_22_09_47_09.gpx,2019-10-22
3134597,64___B__JPK___HP_2019_10_22_06_46_01.gpx,2019-10-22
3134595,64___A___JPK___HP_2019_10_22_07_21_03.gpx,2019-10-22
3134590,64___A___JPK_2019_10_22_10_29_19.gpx,2019-10-22
3134536,610_B_KM_2019_10_22_12_18_49.gpx,2019-10-22
3134535,610_A_KM_2019_10_22_11_11_25.gpx,2019-10-22
3134652,54___B___LA_2019_10_22_12_43_44.gpx,2019-10-22
3134651,54___A___LA_2019_10_22_11_38_43.gpx,2019-10-22
3134646,49___B___LA___HP_2019_10_22_07_34_24.gpx,2019-10-22
3134645,49___A___LA___HP_2019_10_22_06_19_25.gpx,2019-10-22
3134538,41_B_KM_2019_10_22_15_14_21.gpx,2019-10-22
3134537,41_A_KM_2019_10_22_14_24_05.gpx,2019-10-22
3134565,40_B_CN_gare_sud_terminus_40_2019_10_22_16_41_39.gpx,2019-10-22
3134564,40_A_CN_terminus_40_gare_sud_2019_10_22_15_42_07.gpx,2019-10-22
3134628,39__Niangon_sud_a_droite___Gare_sud___B___ZB_2019_10_22_10_51_31.gpx,2019-10-22
3134631,39__Niangon_sud_a_droite___Gare_sud___B___HP___ZB_2019_10_22_06_57_23.gpx,2019-10-22
3134625,39__Gare_sud___niangon_sud_a_droite__A__ZB_2019_10_22_15_31_05.gpx,2019-10-22
3134629,39__Gare_sud___Niangon_sud_a_droite__A__HP__ZB_2019_10_22_08_33_50.gpx,2019-10-22
3134563,30_B_CN__gare_sud_yopougon_kout__2019_10_22_13_13_04.gpx,2019-10-22
3134562,30_A_CN_yopougon_kout__gare_sud_2019_10_22_11_22_56.gpx,2019-10-22
3134730,26___B___BKD_2019_10_22_13_20_50.gpx,2019-10-22
3134731,26___A___BKD_2019_10_22_11_09_20.gpx,2019-10-22
3134624,212__Niangon_sud_a_droite___Gare_sud___B___HP___ZB_2019_10_22_17_24_06.gpx,2019-10-22
3134626,212__Niangon_sud_a_droite__Gare_sud___B___ZB_2019_10_22_14_25_55.gpx,2019-10-22
3134623,212__Gare_sud__Niangon_sud_a_droite___A__HP___ZB_2019_10_22_18_22_02.gpx,2019-10-22
3134627,212__Gare_sud___Niangon_sud_a_droite___A___ZB_2019_10_22_13_13_27.gpx,2019-10-22
3134560,206_B_CN_terminus_h_tel_de_ville__yopougon_kout__2019_10_22_10_17_31.gpx,2019-10-22
3134559,206_A_CN_yopougon_kout__h_tel_de_ville_plateau_2019_10_22_09_27_20.gpx,2019-10-22
3134647,203___B___LA_2019_10_22_08_28_51.gpx,2019-10-22
3134648,203___A___LA_2019_10_22_10_04_51.gpx,2019-10-22
3134531,14_A_KM_HP_2019_10_22_07_37_36.gpx,2019-10-22
3134732,13___B___BKD_2019_10_22_09_44_11.gpx,2019-10-22
3134733,13___A___BKD_2019_10_22_08_32_29.gpx,2019-10-22
3134585,11___B___BKD_2019_10_22_15_42_52.gpx,2019-10-22
3134534,11_B_KM_2019_10_22_10_12_07.gpx,2019-10-22
3134533,11_A_KM_2019_10_22_09_28_15.gpx,2019-10-22
3134587,11___A___BKD_2019_10_22_14_52_36.gpx,2019-10-22
3134584,02___B___BKD___HP_2019_10_22_17_54_23.gpx,2019-10-22
3134734,02___A___BKD___HP_2019_10_22_06_26_34.gpx,2019-10-22
3134017,94___JPK___B_2019_10_21_13_17_56.gpx,2019-10-21
3134016,94___JPK___A_2019_10_21_12_21_38.gpx,2019-10-21
3133974,91_B_KM_2019_10_21_16_08_30.gpx,2019-10-21
3133973,91_A_KM_2019_10_21_15_34_46.gpx,2019-10-21
3134012,90_JPK__B_HP_2019_10_21_08_06_44.gpx,2019-10-21
3134014,90___JPK___B_2019_10_21_11_07_28.gpx,2019-10-21
3134011,90___JPK___A___HP_2019_10_21_07_01_06.gpx,2019-10-21
3134013,90___JPK___A_2019_10_21_09_26_46.gpx,2019-10-21
3133945,85_B_CN__campus_cocody__yopougon_kout__2019_10_21_11_32_49.gpx,2019-10-21
3133942,85_B_CN_hp_cocody_yopougon_phal_ne_2019_10_21_08_22_29.gpx,2019-10-21
3133944,85_B_CN__capus_cocody_yopougon_phal_ne_2019_10_21_10_00_53.gpx,2019-10-21
3133940,85_A_CN_hp_yopougon_phal_ne_campus_cocody_2019_10_21_07_00_16.gpx,2019-10-21
3133943,85_A_CN_yopougon_phal_ne_campus_cocody_2019_10_21_09_04_47.gpx,2019-10-21
3133946,85_A_CN__yopougon_kout__campus_cocody_2019_10_21_13_04_12.gpx,2019-10-21
3134018,84___JPK___B_2019_10_21_14_13_01.gpx,2019-10-21
3134019,84___JPK___A_2019_10_21_15_01_55.gpx,2019-10-21
3134117,79___B___LA_2019_10_21_13_45_06.gpx,2019-10-21
3134116,79___A___LA_2019_10_21_13_00_36.gpx,2019-10-21
3133972,58_B_KM_2019_10_21_15_00_50.gpx,2019-10-21
3133971,58_A_KM_vridi_SOTRA__2019_10_21_14_23_47.gpx,2019-10-21
3134696,49___B___LA_2019_10_21_11_18_16.gpx,2019-10-21
3134695,49___A___LA_2019_10_21_10_20_59.gpx,2019-10-21
3133868,47___B___KKO_2019_10_21_13_40_30.gpx,2019-10-21
3133867,47___A___KKO_2019_10_21_12_54_01.gpx,2019-10-21
3134119,45___B___LA_2019_10_21_14_49_37.gpx,2019-10-21
3134126,45___A___LA_2019_10_21_15_25_16.gpx,2019-10-21
3134121,45___A___LA_2019_10_21_15_25_16.gpx,2019-10-21
3133862,44___B___KKO_2019_10_21_11_01_11.gpx,2019-10-21
3133858,44___A___KKO_2019_10_21_10_05_11.gpx,2019-10-21
3133948,43_B_CN_gare_nord__yopougon_kout__2019_10_21_15_37_37.gpx,2019-10-21
3133947,43_A_CN_yopougon_kout__gare_nord_2019_10_21_14_49_11.gpx,2019-10-21
3133865,42___B___KKO_2019_10_21_12_04_11.gpx,2019-10-21
3133864,42___A___KKO_2019_10_21_11_42_15.gpx,2019-10-21
3133854,36___B___KKO___8h_15mn_2019_10_21_08_18_10.gpx,2019-10-21
3133856,36___A___KKO_2019_10_21_09_22_19.gpx,2019-10-21
3134053,27___niangon_sud_a_gauche___Gare_sud___B___ZB_2019_10_21_05_33_11.gpx,2019-10-21
3134046,27___niangon_sud_a_gauche__Gare_sud___B___HC__ZB_2019_10_21_11_47_35.gpx,2019-10-21
3134045,27__Gare_sud_____Yopougon_d_p_t__A__HC___ZB_2019_10_21_13_36_35.gpx,2019-10-21
3134048,27__Gare_du_sud_____niangon_sud_a_gauche_A__HC___ZB_2019_10_21_10_09_03.gpx,2019-10-21
3134043,27___Gare_sud__niangon_sud_a_gauche__A__ZB_2019_10_21_16_51_01.gpx,2019-10-21
3134050,20__Yopougon_d_p_t___Gare_sud___B___ZB_2019_10_21_08_38_17.gpx,2019-10-21
3134044,20___Yopougon_d_p_t___Gare_sud___B___HC___ZB_2019_10_21_15_20_38.gpx,2019-10-21
3134052,20___gare_sud____Yopougon_d_p_t__A___ZB_2019_10_21_07_31_39.gpx,2019-10-21
3134102,15___B___LA___HP_2019_10_21_06_57_13.gpx,2019-10-21
3133967,14_B_KM_2019_10_21_10_05_54.gpx,2019-10-21
3134532,14_B_KM_HP_2019_10_21_07_47_57.gpx,2019-10-21
3133966,14_A_KM_2019_10_21_08_59_31.gpx,2019-10-21
3133969,13_B_KM_2019_10_21_13_36_11.gpx,2019-10-21
3133968,13_A_KM_2019_10_21_12_24_00.gpx,2019-10-21
3133894,07___B__BKD___HP_2019_10_21_07_56_08.gpx,2019-10-21
3133885,07___B___BKD_2019_10_21_13_13_00.gpx,2019-10-21
3133887,07___A___BKD_2019_10_21_12_07_25.gpx,2019-10-21
3133895,07___A___BKD___HP_2019_10_21_06_49_15.gpx,2019-10-21
3133891,04___B___BKD_2019_10_21_10_13_10.gpx,2019-10-21
3133893,04___A___BKD_2019_10_21_08_52_37.gpx,2019-10-21
3133881,02___B___BKD_2019_10_21_15_27_51.gpx,2019-10-21
3133884,02___A___BKD_2019_10_21_13_59_32.gpx,2019-10-21
3134096,15___A___LA_2019_10_18_13_53_09.gpx,2019-10-18
3131457,W_r__W_r____Yopougon_gare_Micao_Yopougon_Gabriel_Gare___B___KKO_2019_10_17_10_59_49.gpx,2019-10-17
3131455,W_r__W_r____Yopougon_Gabriel_Gare__Yopougon_Micao___A___KKO_2019_10_17_10_33_55.gpx,2019-10-17
3131484,Gbaka__gare_carrefour_Bangui___La_gare_en_haut___B___BKD_2019_10_17_11_41_52.gpx,2019-10-17
3131579,Gbaka____Adjame_libert___Carrefour_acad_mie___B___ZB_2019_10_17_13_19_32.gpx,2019-10-17
3131574,Gbaka___Adjame_libert___Terminus_27___B___ZB_2019_10_17_07_51_54.gpx,2019-10-17
3131486,Gbaka___Terrminus_Anono___La_gare_en_haut___B___BKD_2019_10_17_07_53_31.gpx,2019-10-17
3131416,Gbaka__Akou_do_Basket__Adjam____la_gare_en_haut___B___JPK_2019_10_17_09_57_49.gpx,2019-10-17
3131453,Gbaka___Adjam__Renault_Yopougon_Palais___B___KKO_2019_10_17_09_18_34.gpx,2019-10-17
3131418,Gbaka__Gare_M_Badon__Adjam____la_gare_en_haut___B___JPK_2019_10_17_11_54_03.gpx,2019-10-17
3172416,Gbaka__Gare_M_Badon__Adjam____la_gare_en_haut___B___JPK_2019_10_17_10_54_03.gpx,2019-10-17
3131452,Gbaka___Abobo_Gare_Mairie_Adjam__Renault___B___KKO_2019_10_17_08_35_20.gpx,2019-10-17
3131577,GBAKA__Yopougon_camps_militaire__Texaco___B___ZB_2019_10_17_12_00_22.gpx,2019-10-17
3131623,Gbaka___Terminus_Ak_ikoi_Village_Abobo_Gare___B__LA_2019_10_17_10_25_38.gpx,2019-10-17
3131482,Gbaka___Riviera_2___Gare_libert____B___BKD_2019_10_17_13_51_42.gpx,2019-10-17
3131630,Gbaka___Terminus_mosqu_e_Ado_Kennedy__Abobo_Gare___B__LA_2019_10_17_11_24_57.gpx,2019-10-17
3131666,Gbaka___Ancien_March___Abobo_Gare____B__LA_2019_10_17_13_02_35.gpx,2019-10-17
3131459,Gbaka___Adjam__Agban_Yopougon_Gare_Gesco___B___KKO_2019_10_17_12_45_02.gpx,2019-10-17
3131417,Gbaka__Adjam__A_la_gare_en_haut___M_Badon__La_gare____A___JPK_2019_10_17_10_48_47.gpx,2019-10-17
3131575,Gbaka__Carrefour_acad_mie__Libert____A____ZB_2019_10_17_09_34_28.gpx,2019-10-17
3131580,Gbaka___Carrefour_lokoa__Adjame_libert____A___ZB_2019_10_17_14_36_51.gpx,2019-10-17
3131414,Gbaka__M_Pouto_au_terrain__Adjam__A_la_gare_en_haut___B___JPK_2019_10_17_08_07_33.gpx,2019-10-17
3131413,Gbaka__Adjam__A_la_gare_en_haut_M_Pouto_au_terrain___A___JPK_2019_10_17_07_16_12.gpx,2019-10-17
3131415,Gbaka__Adjam__A_la_gare_en_haut___Akou_do__Basket____A___JPK_2019_10_17_09_06_37.gpx,2019-10-17
3131573,Gbaka__Terminus_27__Adjame_libert____A__ZB_2019_10_17_07_00_32.gpx,2019-10-17
3131576,Gbaka__Texaco_Yopougon_camps_militaire___A__ZB_2019_10_17_10_52_14.gpx,2019-10-17
3131621,Gbaka__Abobo_Gare_Terminus_Ak_ikoi_Village___A__LA_2019_10_17_09_40_59.gpx,2019-10-17
3131458,Gbaka___Yopougon_Gare_Gesco_Adjam__Agban___A___KKO_2019_10_17_12_04_44.gpx,2019-10-17
3131450,Gbaka___Yopougon_Palais_Adjam__Renault___A___KKO_2019_10_17_07_22_20.gpx,2019-10-17
3131451,Gbaka___Adjam__Renault_Abobo_Gare_Mairie___A___KKO_2019_10_17_08_03_59.gpx,2019-10-17
3131488,Gbaka___Anono__La_gare_en_haut____Anono_Terminus___A___BKD_2019_10_17_07_20_56.gpx,2019-10-17
3131667,Gbaka___Abobo_Gare___Ancien_March__Pk_18___A__LA_2019_10_17_12_37_40.gpx,2019-10-17
3131624,Gbaka___Abobo_Gare_terminus_mosqu_e_Ado__A__LA_2019_10_17_11_03_29.gpx,2019-10-17
3131483,Gbaka___gare_libert____Riviera_2___A___BKD_2019_10_17_13_24_20.gpx,2019-10-17
3131485,Gbaka__La_gare_en_haut___Terminus_Bingerville___A__BKD_2019_10_17_09_41_33.gpx,2019-10-17
3131420,Woro_woro__Saint_Viateur_Simpim_4___apr_s_barrage____B___JPK_2019_10_17_13_26_42.gpx,2019-10-17
3131479,Woro_Woro__Rosiers___Palmeraie___B___BKD_2019_10_17_15_29_05.gpx,2019-10-17
3131419,Woro_woro__gare_Woro_woro__Carrefour_Commissariat____Saint_Viateur_Simpim_4___A___JPK_2019_10_17_13_13_40.gpx,2019-10-17
3131480,Woro_Woro__Palmeraie___Les_Rosiers___A___BKD_2019_10_17_15_14_04.gpx,2019-10-17
3131627,Gkaka__Kennedy_March____Terminus_Abobo_Gare___B__LA_2019_10_17_12_15_33.gpx,2019-10-17
3131626,Gkaka__Abobo_Gare___Terminus_Kennedy_March____A__LA_2019_10_17_11_58_00.gpx,2019-10-17
3131581,GKAKA__Adjame_libert___carrefour_lokoa___B___ZB_2019_10_17_15_58_00.gpx,2019-10-17
3130258,woro_woro__cocody_gare_mobile_azur_B_KM_2019_10_15_10_22_58.gpx,2019-10-15
3130294,woro_woro__Angre_22_eme___Riviera_2___B___BKD_2019_10_15_09_30_56.gpx,2019-10-15
3130254,woro_woro__angr__ch_teau_gare_mobile___B_KM_2019_10_15_09_16_35.gpx,2019-10-15
3130292,woro_woro___Terminus_82___Riviera_2___B___BKD_2019_10_15_10_53_09.gpx,2019-10-15
3130262,woro_woro_Attoban___gare_woro_woro_zoo_B_KM_2019_10_15_12_04_15.gpx,2019-10-15
3130260,woro_woro__gare_aghin__gare_woro_woro_zoo_B_KM_2019_10_15_11_34_18.gpx,2019-10-15
3130288,woro_woro___camp_attogban___Riviera_2___B___BKD_2019_10_15_13_18_10.gpx,2019-10-15
3130256,woro_woro__gare_mobile_azur___cocody_A_KM_2019_10_15_09_51_53.gpx,2019-10-15
3130295,woro_woro__Riviera_2___Angr__22_me___A__BKD_2019_10_15_08_53_53.gpx,2019-10-15
3130319,woro_woro__Abobo_Mobil_Azur__Boulangerie_Mary_s_CNPS_8eme_tranche___A___JPK_2019_10_15_09_27_53.gpx,2019-10-15
3130293,woro__woro__Riviera_2____Terminus_82___A___BKD_2019_10_15_10_09_56.gpx,2019-10-15
3130263,woro_woro__gare_mobile_angre_ch_teau_A_KM_2019_10_15_08_45_34.gpx,2019-10-15
3130261,woro_woro_gare_woro_woro_zoo_Attoban_A_KM_2019_10_15_11_46_56.gpx,2019-10-15
3130259,woro_woro__gare_woro_woro_zoo_aghin_A_KM_2019_10_15_11_17_40.gpx,2019-10-15
3130291,woro_woro___Riviera_2___camp_attogban___A___BKD_2019_10_15_11_20_25.gpx,2019-10-15
3130290,Gbaka___Camp_Attogban___Adjame___la_gare_en_haut____B___BKD_2019_10_15_11_41_57.gpx,2019-10-15
3130289,Gbaka___la_gare_en_haut___camp_attogban___A___BKD_2019_10_15_12_23_41.gpx,2019-10-15
3130326,Woro_woro__Soccoc__2_plateaux___gare_Woro_woro_Zoo___B___JPK_2019_10_15_13_51_43.gpx,2019-10-15
3130320,Woro_Woro___Chu_Angre__Abobo_Azur_Mobil_B__JPK_2019_10_15_08_53_14.gpx,2019-10-15
3130318,Woro_Woro___Boulangerie_Mary_s_CNPS__Abobo_Azur_Mobil_B__JPK_2019_10_15_09_56_55.gpx,2019-10-15
3130323,Woro_woro__Vallon_Cash_Center___gare_Woro_woro_Zoo____B__JPK_2019_10_15_10_54_15.gpx,2019-10-15
3130322,Woro_Woro__Abobo_Azur_Mobil___Chu_Angre__A__JPK_2019_10_15_08_28_35.gpx,2019-10-15
3130317,Woro_woro__gare_Woro_woro_Zoo___Vallon_Cash_Center_A___JPK_2019_10_15_10_39_23.gpx,2019-10-15
3130325,Woro_woro__gare_Woro_woro_Zoo___Soccoc__2_Plateaux___A___JPK_2019_10_15_13_41_39.gpx,2019-10-15
3129399,W_r__w_r__st_Michel__adjam__libert__B_CN_2019_10_14_14_24_37.gpx,2019-10-14
3129383,W_r__w_r___Williamsville_Adjame_libert___B_ZB_2019_10_14_09_32_32.gpx,2019-10-14
3129391,W_r__w_r___Gare_de_bateau_bus_Gare_de_grand_bassam___B___ZB_2019_10_14_12_44_57.gpx,2019-10-14
3129409,W_r__w_r____Mairie_d_Adjam__Dallas_Adjam__Libert____B___KKO_2019_10_14_11_23_51.gpx,2019-10-14
3129398,W_r__w_r___adjam__libert__st_Michel_A_CN_2019_10_14_14_12_01.gpx,2019-10-14
3129386,W_r__w_r____Gare_de_bassam__gare_bateau_bus___A___ZB_2019_10_14_12_33_01.gpx,2019-10-14
3129382,W_r__W_r___Adjame_libert___Williamsville_macassi__A__ZB_2019_10_14_09_04_31.gpx,2019-10-14
3129407,W_r__w_r____Adjam__Libert___Mairie_d_Adjam__Dallas___A___KKO_2019_10_14_11_07_13.gpx,2019-10-14
3129411,Gbaka___Yopougon_Kowe_t_Adjam__Libert__Texaco___B___KKO_2019_10_14_12_46_37.gpx,2019-10-14
3129397,Gbaka__bingerville_adjam__B_CN_2019_10_14_12_50_50.gpx,2019-10-14
3129385,Gbaka___Gonzagville_Gare_de_bassam___B___ZB_2019_10_14_11_35_44.gpx,2019-10-14
3129402,Gbaka___Abobo_Gare_Mairie_Adjam__Libert____B___KKO_2019_10_14_08_18_23.gpx,2019-10-14
3129394,Gbaka_yopougon_palais__adjam__B_CN_2019_10_14_11_14_27.gpx,2019-10-14
3129381,Gbaka__Gare_de_bassam_Adjame_libert__B_ZB_2019_10_14_08_27_18.gpx,2019-10-14
3129392,Gbaka__koumssi__adjam__B_CN_2019_10_14_09_46_41.gpx,2019-10-14
3129384,Gbaka___Gare_de_bassam_Gonzagville___A___ZB_2019_10_14_10_27_41.gpx,2019-10-14
3129410,Gbaka___Adjam__Libert__Texaco_Yopougon_Kowe_t___A___KKO_2019_10_14_11_45_19.gpx,2019-10-14
3129393,Gbaka__adjam__yopougon_palais_A_CN_2019_10_14_10_13_07.gpx,2019-10-14
3129395,Gbaka_adjam___bingerville_A_CN_2019_10_14_12_02_49.gpx,2019-10-14
3129387,Gbaka__adjam___koumassi__A_CN_2019_10_14_09_08_12.gpx,2019-10-14
3129380,Gbaka_Adjame_libert__Gare_de_bassam_A_ZB_2019_10_14_07_54_55.gpx,2019-10-14
3131962,Gbaka___Adjame_Liberte_Abobo_Gare_Mairie___A___RL_2019_10_14_07_55_31.gpx,2019-10-14
3129406,Gbaka___Adjam__Libert__Adjam__March__Gouro___A___KKO_2019_10_14_10_38_10.gpx,2019-10-14
3129405,Gkaka___Abobo_Gare_Mairie_Adjam__Libert____B___KKO_2019_10_14_09_49_47.gpx,2019-10-14
3129404,Gkaka___Adjam__Libert__par_le_Zoo_Abobo_Gare_Mairie___A___KKO_2019_10_14_09_07_32.gpx,2019-10-14
3113893,91___cath_drale_Saint_Paul___FL_2019_09_26_15_16_00.gpx,2019-09-26
3113918,91_Cath_drale_Saint_Paul__ZB_2019_09_26_16_15_58.gpx,2019-09-26
3113909,91__cath_drale_saint_paul___igt_2019_09_26_16_16_08.gpx,2019-09-26
3113919,91_Cath_drale_Sain_Paul_2019_09_26_15_15_03.gpx,2019-09-26
3113903,91_Cathedrale_Saint_Paul___JPK_2019_09_26_15_24_49.gpx,2019-09-26
3113900,91_Cath_drale_St_Paul_Plateau_BKD_2019_09_26_16_07_03.gpx,2019-09-26
3113920,91_cath_drale_saint_paul_CN_2019_09_26_17_10_42.gpx,2019-09-26
3113907,91__Cathedrale_St_Paul__KKO_2019_09_25_17_56_56.gpx,2019-09-25
3053082,monbus15_B_2019_05_12_14_08_23_Plateau_Abobo.gpx,2019-05-12
3053081,monbus15_A_2019_05_12_12_44_31_Abobo_Plateau.gpx,2019-05-12
